pokedex_number,name,generation,is_legendary,is_mythical,species,type_1,type_2,height_m,weight_kg,hp,attack,defense,sp_attack,sp_defense,speed
1,Bulbasaur,1,0,0,Seed pokemon,Grass,Poison,0.7,6.9,45,49,49,65,65,45
2,Ivysaur,1,0,0,Seed pokemon,Grass,Poison,1,13,60,62,63,80,80,60
3,Venusaur,1,0,0,Seed pokemon,Grass,Poison,2,100,80,82,83,100,100,80
3,Mega Venusaur,1,0,0,Seed pokemon,Grass,Poison,2.4,155.5,80,100,123,122,120,80
4,Charmander,1,0,0,Lizard pokemon,Fire,,0.6,8.5,39,52,43,60,50,65
5,Charmeleon,1,0,0,Flame pokemon,Fire,,1.1,19,58,64,58,80,65,80
6,Charizard,1,0,0,Flame pokemon,Fire,Flying,1.7,90.5,78,84,78,109,85,100
6,Mega Charizard X,1,0,0,Flame pokemon,Fire,Dragon,1.7,110.5,78,130,111,130,85,100
6,Mega Charizard Y,1,0,0,Flame pokemon,Fire,Flying,1.7,100.5,78,104,78,159,115,100
7,Squirtle,1,0,0,Tiny Turtle pokemon,Water,,0.5,9,44,48,65,50,64,43
8,Wartortle,1,0,0,Turtle pokemon,Water,,1,22.5,59,63,80,65,80,58
9,Blastoise,1,0,0,Shellfish pokemon,Water,,1.6,85.5,79,83,100,85,105,78
9,Mega Blastoise,1,0,0,Shellfish pokemon,Water,,1.6,101.1,79,103,120,135,115,78
10,Caterpie,1,0,0,Worm pokemon,Bug,,0.3,2.9,45,30,35,20,20,45
11,Metapod,1,0,0,Cocoon pokemon,Bug,,0.7,9.9,50,20,55,25,25,30
12,Butterfree,1,0,0,Butterfly pokemon,Bug,Flying,1.1,32,60,45,50,90,80,70
13,Weedle,1,0,0,Hairy Bug pokemon,Bug,Poison,0.3,3.2,40,35,30,20,20,50
14,Kakuna,1,0,0,Cocoon pokemon,Bug,Poison,0.6,10,45,25,50,25,25,35
15,Beedrill,1,0,0,Poison Bee pokemon,Bug,Poison,1,29.5,65,90,40,45,80,75
15,Mega Beedrill,1,0,0,Poison Bee pokemon,Bug,Poison,1.4,40.5,65,150,40,15,80,145
16,Pidgey,1,0,0,Tiny Bird pokemon,Normal,Flying,0.3,1.8,40,45,40,35,35,56
17,Pidgeotto,1,0,0,Bird pokemon,Normal,Flying,1.1,30,63,60,55,50,50,71
18,Pidgeot,1,0,0,Bird pokemon,Normal,Flying,1.5,39.5,83,80,75,70,70,101
18,Mega Pidgeot,1,0,0,Bird pokemon,Normal,Flying,2.2,50.5,83,80,80,135,80,121
19,Rattata,1,0,0,Mouse pokemon,Normal,,0.3,3.5,30,56,35,25,35,72
19,Alolan Rattata,1,0,0,Mouse pokemon,Dark,Normal,0.3,3.8,30,56,35,25,35,72
20,Raticate,1,0,0,Mouse pokemon,Normal,,0.7,18.5,55,81,60,50,70,97
20,Alolan Raticate,1,0,0,Mouse pokemon,Dark,Normal,0.7,25.5,75,71,70,40,80,77
21,Spearow,1,0,0,Tiny Bird pokemon,Normal,Flying,0.3,2,40,60,30,31,31,70
22,Fearow,1,0,0,Beak pokemon,Normal,Flying,1.2,38,65,90,65,61,61,100
23,Ekans,1,0,0,Snake pokemon,Poison,,2,6.9,35,60,44,40,54,55
24,Arbok,1,0,0,Cobra pokemon,Poison,,3.5,65,60,95,69,65,79,80
25,Pikachu,1,0,0,Mouse pokemon,Electric,,0.4,6,35,55,40,50,50,90
25,Partner Pikachu,1,0,0,Mouse pokemon,Electric,,0.4,6,45,80,50,75,60,120
26,Raichu,1,0,0,Mouse pokemon,Electric,,0.8,30,60,90,55,90,80,110
26,Alolan Raichu,1,0,0,Mouse pokemon,Electric,Psychic,0.7,21,60,85,50,95,85,110
27,Sandshrew,1,0,0,Mouse pokemon,Ground,,0.6,12,50,75,85,20,30,40
27,Alolan Sandshrew,1,0,0,Mouse pokemon,Ice,Steel,0.7,40,50,75,90,10,35,40
28,Sandslash,1,0,0,Mouse pokemon,Ground,,1,29.5,75,100,110,45,55,65
28,Alolan Sandslash,1,0,0,Mouse pokemon,Ice,Steel,1.2,55,75,100,120,25,65,65
29,Nidoran Femea,1,0,0,Poison Pin pokemon,Poison,,0.4,7,55,47,52,40,40,41
30,Nidorina,1,0,0,Poison Pin pokemon,Poison,,0.8,20,70,62,67,55,55,56
31,Nidoqueen,1,0,0,Drill pokemon,Poison,Ground,1.3,60,90,92,87,75,85,76
32,Nidoranan Macho,1,0,0,Poison Pin pokemon,Poison,,0.5,9,46,57,40,40,40,50
33,Nidorino,1,0,0,Poison Pin pokemon,Poison,,0.9,19.5,61,72,57,55,55,65
34,Nidoking,1,0,0,Drill pokemon,Poison,Ground,1.4,62,81,102,77,85,75,85
35,Clefairy,1,0,0,Fairy pokemon,Fairy,,0.6,7.5,70,45,48,60,65,35
36,Clefable,1,0,0,Fairy pokemon,Fairy,,1.3,40,95,70,73,95,90,60
37,Vulpix,1,0,0,Fox pokemon,Fire,,0.6,9.9,38,41,40,50,65,65
37,Alolan Vulpix,1,0,0,Fox pokemon,Ice,,0.6,9.9,38,41,40,50,65,65
38,Ninetales,1,0,0,Fox pokemon,Fire,,1.1,19.9,73,76,75,81,100,100
38,Alolan Ninetales,1,0,0,Fox pokemon,Ice,Fairy,1.1,19.9,73,67,75,81,100,109
39,Jigglypuff,1,0,0,Balloon pokemon,Normal,Fairy,0.5,5.5,115,45,20,45,25,20
40,Wigglytuff,1,0,0,Balloon pokemon,Normal,Fairy,1,12,140,70,45,85,50,45
41,Zubat,1,0,0,Bat pokemon,Poison,Flying,0.8,7.5,40,45,35,30,40,55
42,Golbat,1,0,0,Bat pokemon,Poison,Flying,1.6,55,75,80,70,65,75,90
43,Oddish,1,0,0,Weed pokemon,Grass,Poison,0.5,5.4,45,50,55,75,65,30
44,Gloom,1,0,0,Weed pokemon,Grass,Poison,0.8,8.6,60,65,70,85,75,40
45,Vileplume,1,0,0,Flower pokemon,Grass,Poison,1.2,18.6,75,80,85,110,90,50
46,Paras,1,0,0,Mushroom pokemon,Bug,Grass,0.3,5.4,35,70,55,45,55,25
47,Parasect,1,0,0,Mushroom pokemon,Bug,Grass,1,29.5,60,95,80,60,80,30
48,Venonat,1,0,0,Insect pokemon,Bug,Poison,1,30,60,55,50,40,55,45
49,Venomoth,1,0,0,Poison Moth pokemon,Bug,Poison,1.5,12.5,70,65,60,90,75,90
50,Diglett,1,0,0,Mole pokemon,Ground,,0.2,0.8,10,55,25,35,45,95
50,Alolan Diglett,1,0,0,Mole pokemon,Ground,Steel,0.2,1,10,55,30,35,45,90
51,Dugtrio,1,0,0,Mole pokemon,Ground,,0.7,33.3,35,100,50,50,70,120
51,Alolan Dugtrio,1,0,0,Mole pokemon,Ground,Steel,0.7,66.6,35,100,60,50,70,110
52,Meowth,1,0,0,Scratch Cat pokemon,Normal,,0.4,4.2,40,45,35,40,40,90
52,Alolan Meowth,1,0,0,Scratch Cat pokemon,Dark,,0.4,4.2,40,35,35,50,40,90
52,Galarian Meowth,1,0,0,Scratch Cat pokemon,Steel,,0.4,7.5,50,65,55,40,40,40
53,Persian,1,0,0,Classy Cat pokemon,Normal,,1,32,65,70,60,65,65,115
53,Alolan Persian,1,0,0,Classy Cat pokemon,Dark,,1.1,33,65,60,60,75,65,115
54,Psyduck,1,0,0,Duck pokemon,Water,,0.8,19.6,50,52,48,65,50,55
55,Golduck,1,0,0,Duck pokemon,Water,,1.7,76.6,80,82,78,95,80,85
56,Mankey,1,0,0,Pig Monkey pokemon,Fighting,,0.5,28,40,80,35,35,45,70
57,Primeape,1,0,0,Pig Monkey pokemon,Fighting,,1,32,65,105,60,60,70,95
58,Growlithe,1,0,0,Puppy pokemon,Fire,,0.7,19,55,70,45,70,50,60
59,Arcanine,1,0,0,Legendary pokemon,Fire,,1.9,155,90,110,80,100,80,95
60,Poliwag,1,0,0,Tadpole pokemon,Water,,0.6,12.4,40,50,40,40,40,90
61,Poliwhirl,1,0,0,Tadpole pokemon,Water,,1,20,65,65,65,50,50,90
62,Poliwrath,1,0,0,Tadpole pokemon,Water,Fighting,1.3,54,90,95,95,70,90,70
63,Abra,1,0,0,Psi pokemon,Psychic,,0.9,19.5,25,20,15,105,55,90
64,Kadabra,1,0,0,Psi pokemon,Psychic,,1.3,56.5,40,35,30,120,70,105
65,Alakazam,1,0,0,Psi pokemon,Psychic,,1.5,48,55,50,45,135,95,120
65,Mega Alakazam,1,0,0,Psi pokemon,Psychic,,1.2,48,55,50,65,175,105,150
66,Machop,1,0,0,Superpower pokemon,Fighting,,0.8,19.5,70,80,50,35,35,35
67,Machoke,1,0,0,Superpower pokemon,Fighting,,1.5,70.5,80,100,70,50,60,45
68,Machamp,1,0,0,Superpower pokemon,Fighting,,1.6,130,90,130,80,65,85,55
69,Bellsprout,1,0,0,Flower pokemon,Grass,Poison,0.7,4,50,75,35,70,30,40
70,Weepinbell,1,0,0,Flycatcher pokemon,Grass,Poison,1,6.4,65,90,50,85,45,55
71,Victreebel,1,0,0,Flycatcher pokemon,Grass,Poison,1.7,15.5,80,105,65,100,70,70
72,Tentacool,1,0,0,Jellyfish pokemon,Water,Poison,0.9,45.5,40,40,35,50,100,70
73,Tentacruel,1,0,0,Jellyfish pokemon,Water,Poison,1.6,55,80,70,65,80,120,100
74,Geodude,1,0,0,Rock pokemon,Rock,Ground,0.4,20,40,80,100,30,30,20
74,Alolan Geodude,1,0,0,Rock pokemon,Rock,Electric,0.4,20.3,40,80,100,30,30,20
75,Graveler,1,0,0,Rock pokemon,Rock,Ground,1,105,55,95,115,45,45,35
75,Alolan Graveler,1,0,0,Rock pokemon,Rock,Electric,1,110,55,95,115,45,45,35
76,Golem,1,0,0,Megaton pokemon,Rock,Ground,1.4,300,80,120,130,55,65,45
76,Alolan Golem,1,0,0,Megaton pokemon,Rock,Electric,1.7,316,80,120,130,55,65,45
77,Ponyta,1,0,0,Fire Horse pokemon,Fire,,1,30,50,85,55,65,65,90
77,Galarian Ponyta,1,0,0,Unique Horn pokemon,Psychic,,0.8,24,50,85,55,65,65,90
78,Rapidash,1,0,0,Fire Horse pokemon,Fire,,1.7,95,65,100,70,80,80,105
78,Galarian Rapidash,1,0,0,Unique Horn pokemon,Psychic,Fairy,1.7,80,65,100,70,80,80,105
79,Slowpoke,1,0,0,Dopey pokemon,Water,Psychic,1.2,36,90,65,65,40,40,15
80,Slowbro,1,0,0,Hermit Crab pokemon,Water,Psychic,1.6,78.5,95,75,110,100,80,30
80,Mega Slowbro,1,0,0,Hermit Crab pokemon,Water,Psychic,2,120,95,75,180,130,80,30
81,Magnemite,1,0,0,Magnet pokemon,Electric,Steel,0.3,6,25,35,70,95,55,45
82,Magneton,1,0,0,Magnet pokemon,Electric,Steel,1,60,50,60,95,120,70,70
83,Farfetch'd,1,0,0,Wild Duck pokemon,Normal,Flying,0.8,15,52,90,55,58,62,60
83,Galarian Farfetch'd,1,0,0,Wild Duck pokemon,Fighting,,0.8,42,52,95,55,58,62,55
84,Doduo,1,0,0,Twin Bird pokemon,Normal,Flying,1.4,39.2,35,85,45,35,35,75
85,Dodrio,1,0,0,Triple Bird pokemon,Normal,Flying,1.8,85.2,60,110,70,60,60,110
86,Seel,1,0,0,Sea Lion pokemon,Water,,1.1,90,65,45,55,45,70,45
87,Dewgong,1,0,0,Sea Lion pokemon,Water,Ice,1.7,120,90,70,80,70,95,70
88,Grimer,1,0,0,Sludge pokemon,Poison,,0.9,30,80,80,50,40,50,25
88,Alolan Grimer,1,0,0,Sludge pokemon,Poison,Dark,0.7,42,80,80,50,40,50,25
89,Muk,1,0,0,Sludge pokemon,Poison,,1.2,30,105,105,75,65,100,50
89,Alolan Muk,1,0,0,Sludge pokemon,Poison,Dark,1,52,105,105,75,65,100,50
90,Shellder,1,0,0,Bivalve pokemon,Water,,0.3,4,30,65,100,45,25,40
91,Cloyster,1,0,0,Bivalve pokemon,Water,Ice,1.5,132.5,50,95,180,85,45,70
92,Gastly,1,0,0,Gas pokemon,Ghost,Poison,1.3,0.1,30,35,30,100,35,80
93,Haunter,1,0,0,Gas pokemon,Ghost,Poison,1.6,0.1,45,50,45,115,55,95
94,Gengar,1,0,0,Shadow pokemon,Ghost,Poison,1.5,40.5,60,65,60,130,75,110
94,Mega Gengar,1,0,0,Shadow pokemon,Ghost,Poison,1.4,40.5,60,65,80,170,95,130
95,Onix,1,0,0,Rock Snake pokemon,Rock,Ground,8.8,210,35,45,160,30,45,70
96,Drowzee,1,0,0,Hypnosis pokemon,Psychic,,1,32.4,60,48,45,43,90,42
97,Hypno,1,0,0,Hypnosis pokemon,Psychic,,1.6,75.6,85,73,70,73,115,67
98,Krabby,1,0,0,River Crab pokemon,Water,,0.4,6.5,30,105,90,25,25,50
99,Kingler,1,0,0,Pincer pokemon,Water,,1.3,60,55,130,115,50,50,75
100,Voltorb,1,0,0,Ball pokemon,Electric,,0.5,10.4,40,30,50,55,55,100
101,Electrode,1,0,0,Ball pokemon,Electric,,1.2,66.6,60,50,70,80,80,150
102,Exeggcute,1,0,0,Egg pokemon,Grass,Psychic,0.4,2.5,60,40,80,60,45,40
103,Exeggutor,1,0,0,Coconut pokemon,Grass,Psychic,2,120,95,95,85,125,75,55
103,Alolan Exeggutor,1,0,0,Coconut pokemon,Grass,Dragon,10.9,415.6,95,105,85,125,75,45
104,Cubone,1,0,0,Lonely pokemon,Ground,,0.4,6.5,50,50,95,40,50,35
105,Marowak,1,0,0,Bone Keeper pokemon,Ground,,1,45,60,80,110,50,80,45
105,Alolan Marowak,1,0,0,Bone Keeper pokemon,Fire,Ghost,1,34,60,80,110,50,80,45
106,Hitmonlee,1,0,0,Kicking pokemon,Fighting,,1.5,49.8,50,120,53,35,110,87
107,Hitmonchan,1,0,0,Punching pokemon,Fighting,,1.4,50.2,50,105,79,35,110,76
108,Lickitung,1,0,0,Licking pokemon,Normal,,1.2,65.5,90,55,75,60,75,30
109,Koffing,1,0,0,Poison Gas pokemon,Poison,,0.6,1,40,65,95,60,45,35
110,Weezing,1,0,0,Poison Gas pokemon,Poison,,1.2,9.5,65,90,120,85,70,60
110,Galarian Weezing,1,0,0,Poison Gas pokemon,Poison,Fairy,3,16,65,90,120,85,70,60
111,Rhyhorn,1,0,0,Spikes pokemon,Ground,Rock,1,115,80,85,95,30,30,25
112,Rhydon,1,0,0,Drill pokemon,Ground,Rock,1.9,120,105,130,120,45,45,40
113,Chansey,1,0,0,Egg pokemon,Normal,,1.1,34.6,250,5,5,35,105,50
114,Tangela,1,0,0,Vine pokemon,Grass,,1,35,65,55,115,100,40,60
115,Kangaskhan,1,0,0,Parent pokemon,Normal,,2.2,80,105,95,80,40,80,90
115,Mega Kangaskhan,1,0,0,Parent pokemon,Normal,,2.2,100,105,125,100,60,100,100
116,Horsea,1,0,0,Dragon pokemon,Water,,0.4,8,30,40,70,70,25,60
117,Seadra,1,0,0,Dragon pokemon,Water,,1.2,25,55,65,95,95,45,85
118,Goldeen,1,0,0,Goldfish pokemon,Water,,0.6,15,45,67,60,35,50,63
119,Seaking,1,0,0,Goldfish pokemon,Water,,1.3,39,80,92,65,65,80,68
120,Staryu,1,0,0,Star Shape pokemon,Water,,0.8,34.5,30,45,55,70,55,85
121,Starmie,1,0,0,Mysterious pokemon,Water,Psychic,1.1,80,60,75,85,100,85,115
122,Mr. Mime,1,0,0,Barrier pokemon,Psychic,Fairy,1.3,54.5,40,45,65,100,120,90
122,Galarian Mr. Mime,1,0,0,Dancing pokemon,Psychic,Ice,1.4,56.8,50,65,65,90,90,100
123,Scyther,1,0,0,Mantis pokemon,Bug,Flying,1.5,56,70,110,80,55,80,105
124,Jynx,1,0,0,Human Shape pokemon,Ice,Psychic,1.4,40.6,65,50,35,115,95,95
125,Electabuzz,1,0,0,Electric pokemon,Electric,,1.1,30,65,83,57,95,85,105
126,Magmar,1,0,0,Spitfire pokemon,Fire,,1.3,44.5,65,95,57,100,85,93
127,Pinsir,1,0,0,Stag Beetle pokemon,Bug,,1.5,55,65,125,100,55,70,85
127,Mega Pinsir,1,0,0,Stag Beetle pokemon,Bug,Flying,1.7,59,65,155,120,65,90,105
128,Tauros,1,0,0,Wild Bull pokemon,Normal,,1.4,88.4,75,100,95,40,70,110
129,Magikarp,1,0,0,Fish pokemon,Water,,0.9,10,20,10,55,15,20,80
130,Gyarados,1,0,0,Atrocious pokemon,Water,Flying,6.5,235,95,125,79,60,100,81
130,Mega Gyarados,1,0,0,Atrocious pokemon,Water,Dark,6.5,305,95,155,109,70,130,81
131,Lapras,1,0,0,Transport pokemon,Water,Ice,2.5,220,130,85,80,85,95,60
132,Ditto,1,0,0,Transform pokemon,Normal,,0.3,4,48,48,48,48,48,48
133,Eevee,1,0,0,Evolution pokemon,Normal,,0.3,6.5,55,55,50,45,65,55
133,Partner Eevee,1,0,0,Evolution pokemon,Normal,,0.3,6.5,65,75,70,65,85,75
134,Vaporeon,1,0,0,Bubble Jet pokemon,Water,,1,29,130,65,60,110,95,65
135,Jolteon,1,0,0,Lightning pokemon,Electric,,0.8,24.5,65,65,60,110,95,130
136,Flareon,1,0,0,Flame pokemon,Fire,,0.9,25,65,130,60,95,110,65
137,Porygon,1,0,0,Virtual pokemon,Normal,,0.8,36.5,65,60,70,85,75,40
138,Omanyte,1,0,0,Spiral pokemon,Rock,Water,0.4,7.5,35,40,100,90,55,35
139,Omastar,1,0,0,Spiral pokemon,Rock,Water,1,35,70,60,125,115,70,55
140,Kabuto,1,0,0,Shellfish pokemon,Rock,Water,0.5,11.5,30,80,90,55,45,55
141,Kabutops,1,0,0,Shellfish pokemon,Rock,Water,1.3,40.5,60,115,105,65,70,80
142,Aerodactyl,1,0,0,Fossil pokemon,Rock,Flying,1.8,59,80,105,65,60,75,130
142,Mega Aerodactyl,1,0,0,Fossil pokemon,Rock,Flying,2.1,79,80,135,85,70,95,150
143,Snorlax,1,0,0,Sleeping pokemon,Normal,,2.1,460,160,110,65,65,110,30
144,Articuno,1,0,0,Freeze pokemon,Ice,Flying,1.7,55.4,90,85,100,95,125,85
145,Zapdos,1,0,0,Electric pokemon,Electric,Flying,1.6,52.6,90,90,85,125,90,100
146,Moltres,1,0,0,Flame pokemon,Fire,Flying,2,60,90,100,90,125,85,90
147,Dratini,1,0,0,Dragon pokemon,Dragon,,1.8,3.3,41,64,45,50,50,50
148,Dragonair,1,0,0,Dragon pokemon,Dragon,,4,16.5,61,84,65,70,70,70
149,Dragonite,1,0,0,Dragon pokemon,Dragon,Flying,2.2,210,91,134,95,100,100,80
150,Mewtwo,1,1,0,Genetic pokemon,Psychic,,2,122,106,110,90,154,90,130
150,Mega Mewtwo X,1,1,0,Genetic pokemon,Psychic,Fighting,2.3,127,106,190,100,154,100,130
150,Mega Mewtwo Y,1,1,0,Genetic pokemon,Psychic,,1.5,33,106,150,70,194,120,140
151,Mew,1,0,1,New Species pokemon,Psychic,,0.4,4,100,100,100,100,100,100
152,Chikorita,2,0,0,Leaf pokemon,Grass,,0.9,6.4,45,49,65,49,65,45
153,Bayleef,2,0,0,Leaf pokemon,Grass,,1.2,15.8,60,62,80,63,80,60
154,Meganium,2,0,0,Herb pokemon,Grass,,1.8,100.5,80,82,100,83,100,80
155,Cyndaquil,2,0,0,Fire Mouse pokemon,Fire,,0.5,7.9,39,52,43,60,50,65
156,Quilava,2,0,0,Volcano pokemon,Fire,,0.9,19,58,64,58,80,65,80
157,Typhlosion,2,0,0,Volcano pokemon,Fire,,1.7,79.5,78,84,78,109,85,100
158,Totodile,2,0,0,Big Jaw pokemon,Water,,0.6,9.5,50,65,64,44,48,43
159,Croconaw,2,0,0,Big Jaw pokemon,Water,,1.1,25,65,80,80,59,63,58
160,Feraligatr,2,0,0,Big Jaw pokemon,Water,,2.3,88.8,85,105,100,79,83,78
161,Sentret,2,0,0,Scout pokemon,Normal,,0.8,6,35,46,34,35,45,20
162,Furret,2,0,0,Long Body pokemon,Normal,,1.8,32.5,85,76,64,45,55,90
163,Hoothoot,2,0,0,Owl pokemon,Normal,Flying,0.7,21.2,60,30,30,36,56,50
164,Noctowl,2,0,0,Owl pokemon,Normal,Flying,1.6,40.8,100,50,50,86,96,70
165,Ledyba,2,0,0,Five Star pokemon,Bug,Flying,1,10.8,40,20,30,40,80,55
166,Ledian,2,0,0,Five Star pokemon,Bug,Flying,1.4,35.6,55,35,50,55,110,85
167,Spinarak,2,0,0,String Spit pokemon,Bug,Poison,0.5,8.5,40,60,40,40,40,30
168,Ariados,2,0,0,Long Leg pokemon,Bug,Poison,1.1,33.5,70,90,70,60,70,40
169,Crobat,2,0,0,Bat pokemon,Poison,Flying,1.8,75,85,90,80,70,80,130
170,Chinchou,2,0,0,Angler pokemon,Water,Electric,0.5,12,75,38,38,56,56,67
171,Lanturn,2,0,0,Light pokemon,Water,Electric,1.2,22.5,125,58,58,76,76,67
172,Pichu,2,0,0,Tiny Mouse pokemon,Electric,,0.3,2,20,40,15,35,35,60
173,Cleffa,2,0,0,Star Shape pokemon,Fairy,,0.3,3,50,25,28,45,55,15
174,Igglybuff,2,0,0,Balloon pokemon,Normal,Fairy,0.3,1,90,30,15,40,20,15
175,Togepi,2,0,0,Spike Ball pokemon,Fairy,,0.3,1.5,35,20,65,40,65,20
176,Togetic,2,0,0,Happiness pokemon,Fairy,Flying,0.6,3.2,55,40,85,80,105,40
177,Natu,2,0,0,Tiny Bird pokemon,Psychic,Flying,0.2,2,40,50,45,70,45,70
178,Xatu,2,0,0,Mystic pokemon,Psychic,Flying,1.5,15,65,75,70,95,70,95
179,Mareep,2,0,0,Wool pokemon,Electric,,0.6,7.8,55,40,40,65,45,35
180,Flaaffy,2,0,0,Wool pokemon,Electric,,0.8,13.3,70,55,55,80,60,45
181,Ampharos,2,0,0,Light pokemon,Electric,,1.4,61.5,90,75,85,115,90,55
181,Mega Ampharos,2,0,0,Light pokemon,Electric,Dragon,1.4,61.5,90,95,105,165,110,45
182,Bellossom,2,0,0,Flower pokemon,Grass,,0.4,5.8,75,80,95,90,100,50
183,Marill,2,0,0,Aqua Mouse pokemon,Water,Fairy,0.4,8.5,70,20,50,20,50,40
184,Azumarill,2,0,0,Aqua Rabbit pokemon,Water,Fairy,0.8,28.5,100,50,80,60,80,50
185,Sudowoodo,2,0,0,Imitation pokemon,Rock,,1.2,38,70,100,115,30,65,30
186,Politoed,2,0,0,Frog pokemon,Water,,1.1,33.9,90,75,75,90,100,70
187,Hoppip,2,0,0,Cottonweed pokemon,Grass,Flying,0.4,0.5,35,35,40,35,55,50
188,Skiploom,2,0,0,Cottonweed pokemon,Grass,Flying,0.6,1,55,45,50,45,65,80
189,Jumpluff,2,0,0,Cottonweed pokemon,Grass,Flying,0.8,3,75,55,70,55,95,110
190,Aipom,2,0,0,Long Tail pokemon,Normal,,0.8,11.5,55,70,55,40,55,85
191,Sunkern,2,0,0,Seed pokemon,Grass,,0.3,1.8,30,30,30,30,30,30
192,Sunflora,2,0,0,Sun pokemon,Grass,,0.8,8.5,75,75,55,105,85,30
193,Yanma,2,0,0,Clear Wing pokemon,Bug,Flying,1.2,38,65,65,45,75,45,95
194,Wooper,2,0,0,Water Fish pokemon,Water,Ground,0.4,8.5,55,45,45,25,25,15
195,Quagsire,2,0,0,Water Fish pokemon,Water,Ground,1.4,75,95,85,85,65,65,35
196,Espeon,2,0,0,Sun pokemon,Psychic,,0.9,26.5,65,65,60,130,95,110
197,Umbreon,2,0,0,Moonlight pokemon,Dark,,1,27,95,65,110,60,130,65
198,Murkrow,2,0,0,Royal pokemon,Dark,Fairy,0.5,2.1,60,85,42,85,42,91
199,Slowking,2,0,0,Royal pokemon,Water,Psychic,2,79.5,95,75,80,100,110,30
200,Misdreavus,2,0,0,Screech pokemon,Ghost,,0.7,1,60,60,60,85,85,85
201,Unown,2,0,0,Symbol pokemon,Psychic,,0.5,5,48,72,48,72,48,48
202,Wobbuffet,2,0,0,Patient pokemon,Psychic,,1.3,28.5,190,33,58,33,58,33
203,Girafarig,2,0,0,Long Neck pokemon,Normal,Psychic,1.5,41.5,70,80,65,90,65,85
204,Pineco,2,0,0,Bagworm pokemon,Bug,,0.6,7.2,50,65,90,35,35,15
205,Forretress,2,0,0,Bagworm pokemon,Bug,Steel,1.2,125.8,75,90,140,60,60,40
206,Dunsparce,2,0,0,Land Snake pokemon,Normal,,1.5,14,100,70,70,65,65,45
207,Gligar,2,0,0,FlyScorpion pokemon,Ground,Flying,1.1,64.8,65,75,105,35,65,85
208,Steelix,2,0,0,Iron Snake pokemon,Steel,Ground,9.2,400,75,85,200,55,65,30
208,Mega Steelix,2,0,0,Iron Snake pokemon,Steel,Ground,10.5,740,75,125,230,55,95,30
209,Snubbull,2,0,0,Fairy pokemon,Fairy,,0.6,7.8,60,80,50,40,40,30
210,Granbull,2,0,0,Fairy pokemon,Fairy,,1.4,48.7,90,120,75,60,60,45
211,Qwilfish,2,0,0,Balloon pokemon,Water,Poison,0.5,3.9,65,95,85,55,55,85
212,Scizor,2,0,0,Pincer pokemon,Bug,Steel,1.8,118,70,130,100,55,80,65
212,Mega Scizor,2,0,0,Pincer pokemon,Bug,Steel,2,125,70,150,140,65,100,75
213,Shuckle,2,0,0,Mold pokemon,Bug,Rock,0.6,20.5,20,10,230,10,230,5
214,Heracross,2,0,0,Single Horn pokemon,Bug,Fighting,1.5,54,80,125,75,40,95,85
214,Mega Heracross,2,0,0,Single Horn pokemon,Bug,Fighting,1.7,62.5,80,185,115,40,105,75
215,Sneasel,2,0,0,Sharp Claw pokemon,Dark,Ice,0.9,28,55,95,55,35,75,115
216,Teddiursa,2,0,0,Little Bear pokemon,Normal,,0.6,8.8,60,80,50,50,50,40
217,Ursaring,2,0,0,Hibernator pokemon,Normal,,1.8,125.8,90,130,75,75,75,55
218,Slugma,2,0,0,Lava pokemon,Fire,,0.7,35,40,40,40,70,40,20
219,Magcargo,2,0,0,Lava pokemon,Fire,Rock,0.8,55,60,50,120,90,80,30
220,Swinub,2,0,0,Pig pokemon,Ice,Ground,0.4,6.5,50,50,40,30,30,50
221,Piloswine,2,0,0,Swine pokemon,Ice,Ground,1.1,55.8,100,100,80,60,60,50
222,Corsola,2,0,0,Coral pokemon,Water,Rock,0.6,5,65,55,95,65,95,35
222,Galarian Corsola,2,0,0,Coral pokemon,Ghost,,0.6,0.5,60,55,100,65,100,30
223,Remoraid,2,0,0,Jet pokemon,Water,,0.6,12,35,65,35,65,35,65
224,Octillery,2,0,0,Jet pokemon,Water,,0.9,28.5,75,105,75,105,75,45
225,Delibird,2,0,0,Delivery pokemon,Ice,Flying,0.9,16,45,55,45,65,45,75
226,Mantine,2,0,0,Kite pokemon,Water,Flying,2.1,220,85,40,70,80,140,70
227,Skarmory,2,0,0,Armor Bird pokemon,Steel,Flying,1.7,50.5,65,80,140,40,70,70
228,Houndour,2,0,0,Dark pokemon,Dark,Fire,0.6,10.8,45,60,30,80,50,65
229,Houndoom,2,0,0,Dark pokemon,Dark,Fire,1.4,35,75,90,50,110,80,95
229,Mega Houndoom,2,0,0,Dark pokemon,Dark,Fire,1.9,49.5,75,90,90,140,90,115
230,Kingdra,2,0,0,Dragon pokemon,Water,Dragon,1.8,152,75,95,95,95,95,85
231,Phanpy,2,0,0,Long Nose pokemon,Ground,,0.5,33.5,90,60,60,40,40,40
232,Donphan,2,0,0,Armor pokemon,Ground,,1.1,120,90,120,120,60,60,50
233,Porygon2,2,0,0,Virtual pokemon,Normal,,0.6,32.5,85,80,90,105,95,60
234,Stantler,2,0,0,Big Horn pokemon,Normal,,1.4,71.2,73,95,62,85,65,85
235,Smeargle,2,0,0,Painter pokemon,Normal,,1.2,58,55,20,35,20,45,75
236,Tyrogue,2,0,0,Scuffle pokemon,Fighting,,0.7,21,35,35,35,35,35,35
237,Hitmontop,2,0,0,Handstand pokemon,Fighting,,1.4,48,50,95,95,35,110,70
238,Smoochum,2,0,0,Kiss pokemon,Ice,Psychic,0.4,6,45,30,15,85,65,65
239,Elekid,2,0,0,Electric pokemon,Electric,,0.6,23.5,45,63,37,65,55,95
240,Magby,2,0,0,Live Coal pokemon,Fire,,0.7,21.4,45,75,37,70,55,83
241,Miltank,2,0,0,Milk Cow pokemon,Normal,,1.2,75.5,95,80,105,40,70,100
242,Blissey,2,0,0,Happiness pokemon,Normal,,1.5,46.8,255,10,10,75,135,55
243,Raikou,2,0,0,Thunder pokemon,Electric,,1.9,178,90,85,75,115,100,115
244,Entei,2,0,0,Volcano pokemon,Fire,,2.1,198,115,115,85,90,75,100
245,Suicune,2,0,0,Aurora pokemon,Water,,2,187,100,75,115,90,115,85
246,Larvitar,2,0,0,Rock Skin pokemon,Rock,Ground,0.6,72,50,64,50,45,50,41
247,Pupitar,2,0,0,Hard Shell pokemon,Rock,Ground,1.2,152,70,84,70,65,70,51
248,Tyranitar,2,0,0,Armor pokemon,Rock,Dark,2,202,100,134,110,95,100,61
248,Mega Tyranitar,2,0,0,Armor pokemon,Rock,Dark,2.5,255,100,164,150,95,120,71
249,Lugia,2,1,0,Diving pokemon,Psychic,Flying,5.2,216,106,90,130,90,154,110
250,Ho-oh,2,1,0,Rainbow pokemon,Fire,Flying,3.8,199,106,130,90,110,154,90
251,Celebi,2,0,1,Time Travel pokemon,Psychic,Grass,0.6,5,100,100,100,100,100,100
252,Treecko,3,0,0,Wood Gecko pokemon,Grass,,0.5,5,40,45,35,65,55,70
253,Grovyle,3,0,0,Wood Gecko pokemon,Grass,,0.9,21.6,50,65,45,85,65,95
254,Sceptile,3,0,0,Forest pokemon,Grass,,1.7,52.2,70,85,65,105,85,120
254,Mega Sceptile,3,0,0,Forest pokemon,Grass,Dragon,1.9,55.2,70,110,75,145,85,145
255,Torchic,3,0,0,Chick pokemon,Fire,,0.4,2.5,45,60,40,70,50,45
256,Combusken,3,0,0,Young Fowl pokemon,Fire,Fighting,0.9,19.5,60,85,60,85,60,55
257,Blaziken,3,0,0,Blaze pokemon,Fire,Fighting,1.9,52,80,120,70,110,70,80
257,Mega Blaziken,3,0,0,Blaze pokemon,Fire,Fighting,1.9,52,80,160,80,130,80,100
258,Mudkip,3,0,0,Mud Fish pokemon,Water,,0.4,7.6,50,70,50,50,50,40
259,Marshtomp,3,0,0,Mud Fish pokemon,Water,Ground,0.7,28,70,85,70,60,70,50
260,Swampert,3,0,0,Mud Fish pokemon,Water,Ground,1.5,81.9,100,110,90,85,90,60
260,Mega Swampert,3,0,0,Mud Fish pokemon,Water,Ground,1.9,102,100,150,110,95,110,70
261,Poochyena,3,0,0,Bite pokemon,Dark,,0.5,13.6,35,55,35,30,30,35
262,Mightyena,3,0,0,Bite pokemon,Dark,,1,37,70,90,70,60,60,70
263,Zigzagoon,3,0,0,TinyRaccoon pokemon,Normal,,0.4,17.5,38,30,41,30,41,60
263,Galarian Zigzagoon,3,0,0,Tiny Raccoon pokemon,Dark,Normal,0.4,17.5,38,30,41,30,41,60
264,Linoone,3,0,0,Rushing pokemon,Normal,,0.5,32.5,78,70,61,50,61,100
264,Galarian Linoone,3,0,0,Rushing pokemon,Dark,Normal,0.5,32.5,78,70,61,50,61,100
265,Wurmple,3,0,0,Worm pokemon,Bug,,0.3,3.6,45,45,35,20,30,20
266,Silcoon,3,0,0,Cocoon pokemon,Bug,,0.6,10,50,35,55,25,25,15
267,Beautifly,3,0,0,Butterfly pokemon,Bug,Flying,1,28.4,60,70,50,100,50,65
268,Cascoon,3,0,0,Cocoon pokemon,Bug,,0.7,11.5,50,35,55,25,25,15
269,Dustox,3,0,0,Poison Moth pokemon,Bug,Poison,1.2,31.6,60,50,70,50,90,65
270,Lotad,3,0,0,Water Weed pokemon,Water,Grass,0.5,2.6,40,30,30,40,50,30
271,Lombre,3,0,0,Jolly pokemon,Water,Grass,1.2,32.5,60,50,50,60,70,50
272,Ludicolo,3,0,0,Carefree pokemon,Water,Grass,1.5,55,80,70,70,90,100,70
273,Seedot,3,0,0,Acorn pokemon,Grass,,0.5,4,40,40,50,30,30,30
274,Nuzleaf,3,0,0,Wily pokemon,Grass,Dark,1,28,70,70,40,60,40,60
275,Shiftry,3,0,0,Wicked pokemon,Grass,Dark,1.3,59.6,90,100,60,90,60,80
276,Taillow,3,0,0,TinySwallow pokemon,Normal,Flying,0.3,2.3,40,55,30,30,30,85
277,Swellow,3,0,0,Swallow pokemon,Normal,Flying,0.7,19.8,60,85,60,75,50,125
278,Wingull,3,0,0,Seagull pokemon,Water,Flying,0.6,9.5,40,30,30,55,30,85
279,Pelipper,3,0,0,Water Bird pokemon,Water,Flying,1.2,28,60,50,100,95,70,65
280,Ralts,3,0,0,Feeling pokemon,Psychic,Fairy,0.4,6.6,28,25,25,45,35,40
281,Kirlia,3,0,0,Emotion pokemon,Psychic,Fairy,0.8,20.2,38,35,35,65,55,50
282,Gardevoir,3,0,0,Embrace pokemon,Psychic,Fairy,1.6,48.4,68,65,65,125,115,80
282,Mega Gardevoir,3,0,0,Embrace pokemon,Psychic,Fairy,1.6,48.4,68,85,65,165,135,100
283,Surskit,3,0,0,Pond Skater pokemon,Bug,Water,0.5,1.7,40,30,32,50,52,65
284,Masquerain,3,0,0,Eyeball pokemon,Bug,Flying,0.8,3.6,70,60,62,100,82,80
285,Shroomish,3,0,0,Mushroom pokemon,Grass,,0.4,4.5,60,40,60,40,60,35
286,Breloom,3,0,0,Mushroom pokemon,Grass,Fighting,1.2,39.2,60,130,80,60,60,70
287,Slakoth,3,0,0,Slacker pokemon,Normal,,0.8,24,60,60,60,35,35,30
288,Vigoroth,3,0,0,Wild Monkey pokemon,Normal,,1.4,46.5,80,80,80,55,55,90
289,Slaking,3,0,0,Lazy pokemon,Normal,,2,130.5,150,160,100,95,65,100
290,Nincada,3,0,0,Trainee pokemon,Bug,Ground,0.5,5.5,31,45,90,30,30,40
291,Ninjask,3,0,0,Ninja pokemon,Bug,Flying,0.8,12,61,90,45,50,50,160
292,Shedinja,3,0,0,Shed pokemon,Bug,Ghost,0.8,1.2,1,90,45,30,30,40
293,Whismur,3,0,0,Whisper pokemon,Normal,,0.6,16.3,64,51,23,51,23,28
294,Loudred,3,0,0,Big Voice pokemon,Normal,,1,40.5,84,71,43,71,43,48
295,Exploud,3,0,0,Loud Noise pokemon,Normal,,1.5,84,104,91,63,91,73,68
296,Makuhita,3,0,0,Guts pokemon,Fighting,,1,86.4,72,60,30,20,30,25
297,Hariyama,3,0,0,Arm Thrust pokemon,Fighting,,2.3,253.8,144,120,60,40,60,50
298,Azurill,3,0,0,Polka Dot pokemon,Normal,Fairy,0.2,2,50,20,40,20,40,20
299,Nosepass,3,0,0,Compass pokemon,Rock,,1,97,30,45,135,45,90,30
300,Skitty,3,0,0,Kitten pokemon,Normal,,0.6,11,50,45,45,35,35,50
301,Delcatty,3,0,0,Prim pokemon,Normal,,1.1,32.6,70,65,65,55,55,90
302,Sableye,3,0,0,Darkness pokemon,Dark,Ghost,0.5,11,50,75,75,65,65,50
302,Mega Sableye,3,0,0,Darkness pokemon,Dark,Ghost,0.5,161,50,85,125,85,115,20
303,Mawile,3,0,0,Deceiver pokemon,Steel,Fairy,0.6,11.5,50,85,85,55,55,50
303,Mega Mawile,3,0,0,Deceiver pokemon,Steel,Fairy,1,23.5,50,105,125,55,95,50
304,Aron,3,0,0,Iron Armor pokemon,Steel,Rock,0.4,60,50,70,100,40,40,30
305,Lairon,3,0,0,Iron Armor pokemon,Steel,Rock,0.9,120,60,90,140,50,50,40
306,Aggron,3,0,0,Iron Armor pokemon,Steel,Rock,2.1,360,70,110,180,60,60,50
306,Mega Aggron,3,0,0,Iron Armor pokemon,Steel,,2.2,395,70,140,230,60,80,50
307,Meditite,3,0,0,Meditate pokemon,Fighting,Psychic,0.6,11.2,30,40,55,40,55,60
308,Medicham,3,0,0,Meditate pokemon,Fighting,Psychic,1.3,31.5,60,60,75,60,75,80
308,Mega Medicham,3,0,0,Meditate pokemon,Fighting,Psychic,1.3,31.5,60,100,85,80,85,100
309,Electrike,3,0,0,Lightning pokemon,Electric,,0.6,15.2,40,45,40,65,40,65
310,Manectric,3,0,0,Discharge pokemon,Electric,,1.5,40.2,70,75,60,105,60,105
310,Mega Manectric,3,0,0,Discharge pokemon,Electric,,1.8,44,70,75,80,135,80,135
311,Plusle,3,0,0,Cheering pokemon,Electric,,0.4,4.2,60,50,40,85,75,95
312,Minun,3,0,0,Cheering pokemon,Electric,,0.4,4.2,60,40,50,75,85,95
313,Volbeat,3,0,0,Firefly pokemon,Bug,,0.7,17.7,65,73,75,47,85,85
314,Illumise,3,0,0,Firefly pokemon,Bug,,0.6,17.7,65,47,75,73,85,85
315,Roselia,3,0,0,Thorn pokemon,Grass,Poison,0.3,2,50,60,45,100,80,65
316,Gulpin,3,0,0,Stomach pokemon,Poison,,0.4,10.3,70,43,53,43,53,40
317,Swalot,3,0,0,Poison Bag pokemon,Poison,,1.7,80,100,73,83,73,83,55
318,Carvanha,3,0,0,Savage pokemon,Water,Dark,0.8,20.8,45,90,20,65,20,65
319,Sharpedo,3,0,0,Brutal pokemon,Water,Dark,1.8,88.8,70,120,40,95,40,95
319,Mega Sharpedo,3,0,0,Brutal pokemon,Water,Dark,2.5,130.3,70,140,70,110,65,105
320,Wailmer,3,0,0,Ball Whale pokemon,Water,,2,130,130,70,35,70,35,60
321,Wailord,3,0,0,Float Whale pokemon,Water,,14.5,398,170,90,45,90,45,60
322,Numel,3,0,0,Numb pokemon,Fire,Ground,0.7,24,60,60,40,65,45,35
323,Camerupt,3,0,0,Eruption pokemon,Fire,Ground,1.9,220,70,100,70,105,75,40
323,Mega Camerupt,3,0,0,Eruption pokemon,Fire,Ground,2.5,320.5,70,120,100,145,105,20
324,Torkoal,3,0,0,Coal pokemon,Fire,,0.5,80.4,70,85,140,85,70,20
325,Spoink,3,0,0,Bounce pokemon,Psychic,,0.7,30.6,60,25,35,70,80,60
326,Grumpig,3,0,0,Manipulate pokemon,Psychic,,0.9,71.5,80,45,65,90,110,80
327,Spinda,3,0,0,Spot Panda pokemon,Normal,,1.1,5,60,60,60,60,60,60
328,Trapinch,3,0,0,Ant Pit pokemon,Ground,,0.7,15,45,100,45,45,45,10
329,Vibrava,3,0,0,Vibration pokemon,Ground,Dragon,1.1,15.3,50,70,50,50,50,70
330,Flygon,3,0,0,Mystic pokemon,Ground,Dragon,2,82,80,100,80,80,80,100
331,Cacnea,3,0,0,Cactus pokemon,Grass,,0.4,51.3,50,85,40,85,40,35
332,Cacturne,3,0,0,Scarecrow pokemon,Grass,Dark,1.3,77.4,70,115,60,115,60,55
333,Swablu,3,0,0,Cotton Bird pokemon,Normal,Flying,0.4,1.2,45,40,60,40,75,50
334,Altaria,3,0,0,Humming pokemon,Dragon,Flying,1.1,20.6,75,70,90,70,105,80
334,Mega Altaria,3,0,0,Humming pokemon,Dragon,Fairy,1.5,20.6,75,110,110,110,105,80
335,Zangoose,3,0,0,Cat Ferret pokemon,Normal,,1.3,40.3,73,115,60,60,60,90
336,Seviper,3,0,0,Fang Snake pokemon,Poison,,2.7,52.5,73,100,60,100,60,65
337,Lunatone,3,0,0,Meteorite pokemon,Rock,Psychic,1,168,90,55,65,95,85,70
338,Solrock,3,0,0,Meteorite pokemon,Rock,Psychic,1.2,154,90,95,85,55,65,70
339,Barboach,3,0,0,Whiskers pokemon,Water,Ground,0.4,1.9,50,48,43,46,41,60
340,Whiscash,3,0,0,Whiskers pokemon,Water,Ground,0.9,23.6,110,78,73,76,71,60
341,Corphish,3,0,0,Ruffian pokemon,Water,,0.6,11.5,43,80,65,50,35,35
342,Crawdaunt,3,0,0,Rogue pokemon,Water,Dark,1.1,32.8,63,120,85,90,55,55
343,Baltoy,3,0,0,Clay Doll pokemon,Ground,Psychic,0.5,21.5,40,40,55,40,70,55
344,Claydol,3,0,0,Clay Doll pokemon,Ground,Psychic,1.5,108,60,70,105,70,120,75
345,Lileep,3,0,0,Sea Lily pokemon,Rock,Grass,1,23.8,66,41,77,61,87,23
346,Cradily,3,0,0,Barnacle pokemon,Rock,Grass,1.5,60.4,86,81,97,81,107,43
347,Anorith,3,0,0,Old Shrimp pokemon,Rock,Bug,0.7,12.5,45,95,50,40,50,75
348,Armaldo,3,0,0,Plate pokemon,Rock,Bug,1.5,68.2,75,125,100,70,80,45
349,Feebas,3,0,0,Fish pokemon,Water,,0.6,7.4,20,15,20,10,55,80
350,Milotic,3,0,0,Tender pokemon,Water,,6.2,162,95,60,79,100,125,81
351,Castform,3,0,0,Weather pokemon,Normal,,0.3,0.8,70,70,70,70,70,70
351,Castform Sunny Form,3,0,0,Weather pokemon,Fire,,0.3,0.8,70,70,70,70,70,70
351,Castform Rainy Form,3,0,0,Weather pokemon,Water,,0.3,0.8,70,70,70,70,70,70
351,Castform Snowy Form,3,0,0,Weather pokemon,Ice,,0.3,0.8,70,70,70,70,70,70
352,Kecleon,3,0,0,Color Swap pokemon,Normal,,1,22,60,90,70,60,120,40
353,Shuppet,3,0,0,Puppet pokemon,Ghost,,0.6,2.3,44,75,35,63,33,45
354,Banette,3,0,0,Marionette pokemon,Ghost,,1.1,12.5,64,115,65,83,63,65
354,Mega Banette,3,0,0,Marionette pokemon,Ghost,,1.2,13,64,165,75,93,83,75
355,Duskull,3,0,0,Requiem pokemon,Ghost,,0.8,15,20,40,90,30,90,25
356,Dusclops,3,0,0,Beckon pokemon,Ghost,,1.6,30.6,40,70,130,60,130,25
357,Tropius,3,0,0,Fruit pokemon,Grass,Flying,2,100,99,68,83,72,87,51
358,Chimecho,3,0,0,Wind Chime pokemon,Psychic,,0.6,1,75,50,80,95,90,65
359,Absol,3,0,0,Disaster pokemon,Dark,,1.2,47,65,130,60,75,60,75
359,Mega Absol,3,0,0,Disaster pokemon,Dark,,1.2,49,65,150,60,115,60,115
360,Wynaut,3,0,0,Bright pokemon,Psychic,,0.6,14,95,23,48,23,48,23
361,Snorunt,3,0,0,Snow Hat pokemon,Ice,,0.7,16.8,50,50,50,50,50,50
362,Glalie,3,0,0,Face pokemon,Ice,,1.5,256.5,80,80,80,80,80,80
362,Mega Glalie,3,0,0,Face pokemon,Ice,,2.1,350.2,80,120,80,120,80,100
363,Spheal,3,0,0,Clap pokemon,Ice,Water,0.8,39.5,70,40,50,55,50,25
364,Sealeo,3,0,0,Ball Roll pokemon,Ice,Water,1.1,87.6,90,60,70,75,70,45
365,Walrein,3,0,0,Ice Break pokemon,Ice,Water,1.4,150.6,110,80,90,95,90,65
366,Clamperl,3,0,0,Bivalve pokemon,Water,,0.4,52.5,35,64,85,74,55,32
367,Huntail,3,0,0,Deep Sea pokemon,Water,,1.7,27,55,104,105,94,75,52
368,Gorebyss,3,0,0,South Sea pokemon,Water,,1.8,22.6,55,84,105,114,75,52
369,Relicanth,3,0,0,Longevity pokemon,Water,Rock,1,23.4,100,90,130,45,65,55
370,Luvdisc,3,0,0,Rendezvous pokemon,Water,,0.6,8.7,43,30,55,40,65,97
371,Bagon,3,0,0,Rock Head pokemon,Dragon,,0.6,42.1,45,75,60,40,30,50
372,Shelgon,3,0,0,Endurance pokemon,Dragon,,1.1,110.5,65,95,100,60,50,50
373,Salamence,3,0,0,Dragon pokemon,Dragon,Flying,1.5,102.6,95,135,80,110,80,100
373,Mega Salamence,3,0,0,Dragon pokemon,Dragon,Flying,1.8,112.6,95,145,130,120,90,120
374,Beldum,3,0,0,Iron Ball pokemon,Steel,Psychic,0.6,95.2,40,55,80,35,60,30
375,Metang,3,0,0,Iron Claw pokemon,Steel,Psychic,1.2,202.5,60,75,100,55,80,50
376,Metagross,3,0,0,Iron Leg pokemon,Steel,Psychic,1.6,550,80,135,130,95,90,70
376,Mega Metagross,3,0,0,Iron Leg pokemon,Steel,Psychic,2.5,942.9,80,145,150,105,110,110
377,Regirock,3,0,0,Rock Peak pokemon,Rock,,1.7,230,80,100,200,50,100,50
378,Regice,3,0,0,Iceberg pokemon,Ice,,1.8,175,80,50,100,100,200,50
379,Registeel,3,0,0,Iron pokemon,Steel,,1.9,205,80,75,150,75,150,50
380,Latias,3,0,0,Eon pokemon,Dragon,Psychic,1.4,40,80,80,90,110,130,110
380,Mega Latias,3,0,0,Eon pokemon,Dragon,Psychic,1.8,52,80,100,120,140,150,110
381,Latios,3,0,0,Eon pokemon,Dragon,Psychic,2,60,80,90,80,130,110,110
381,Mega Latios,3,0,0,Eon pokemon,Dragon,Psychic,2.3,70,80,130,100,160,120,110
382,Kyogre,3,1,0,Sea Basin pokemon,Water,,4.5,352,100,100,90,150,140,90
382,Primal Kyogre,3,1,0,Sea Basin pokemon,Water,,9.8,430,100,150,90,180,160,90
383,Groudon,3,1,0,Continent pokemon,Ground,,3.5,950,100,150,140,100,90,90
383,Primal Groudon,3,1,0,Continent pokemon,Ground,Fire,5,999.7,100,180,160,150,90,90
384,Rayquaza,3,1,0,Sky High pokemon,Dragon,Flying,7,206.5,105,150,90,150,90,95
384,Mega Rayquaza,3,1,0,Sky High pokemon,Dragon,Flying,10.8,392,105,180,100,180,100,115
385,Jirachi,3,0,1,Wish pokemon,Steel,Psychic,0.3,1.1,100,100,100,100,100,100
386,Deoxys Normal Forme,3,0,1,DNA pokemon,Psychic,,1.7,60.8,50,150,50,150,50,150
386,Deoxys Attack Forme,3,0,1,DNA pokemon,Psychic,,1.7,60.8,50,180,20,180,20,150
386,Deoxys Defense Forme,3,0,1,DNA pokemon,Psychic,,1.7,60.8,50,70,160,70,160,90
386,Deoxys Speed Forme,3,0,1,DNA pokemon,Psychic,,1.7,60.8,50,95,90,95,90,180
387,Turtwig,4,0,0,Tiny Leaf pokemon,Grass,,0.4,10.2,55,68,64,45,55,31
388,Grotle,4,0,0,Grove pokemon,Grass,,1.1,97,75,89,85,55,65,36
389,Torterra,4,0,0,Continent pokemon,Grass,Ground,2.2,310,95,109,105,75,85,56
390,Chimchar,4,0,0,Chimp pokemon,Fire,,0.5,6.2,44,58,44,58,44,61
391,Monferno,4,0,0,Playful pokemon,Fire,Fighting,0.9,22,64,78,52,78,52,81
392,Infernape,4,0,0,Flame pokemon,Fire,Fighting,1.2,55,76,104,71,104,71,108
393,Piplup,4,0,0,Penguin pokemon,Water,,0.4,5.2,53,51,53,61,56,40
394,Prinplup,4,0,0,Penguin pokemon,Water,,0.8,23,64,66,68,81,76,50
395,Empoleon,4,0,0,Emperor pokemon,Water,Steel,1.7,84.5,84,86,88,111,101,60
396,Starly,4,0,0,Starling pokemon,Normal,Flying,0.3,2,40,55,30,30,30,60
397,Staravia,4,0,0,Starling pokemon,Normal,Flying,0.6,15.5,55,75,50,40,40,80
398,Staraptor,4,0,0,Predator pokemon,Normal,Flying,1.2,24.9,85,120,70,50,60,100
399,Bidoof,4,0,0,Plump Mouse pokemon,Normal,,0.5,20,59,45,40,35,40,31
400,Bibarel,4,0,0,Beaver pokemon,Normal,Water,1,31.5,79,85,60,55,60,71
401,Kricketot,4,0,0,Cricket pokemon,Bug,,0.3,2.2,37,25,41,25,41,25
402,Kricketune,4,0,0,Cricket pokemon,Bug,,1,25.5,77,85,51,55,51,65
403,Shinx,4,0,0,Flash pokemon,Electric,,0.5,9.5,45,65,34,40,34,45
404,Luxio,4,0,0,Spark pokemon,Electric,,0.9,30.5,60,85,49,60,49,60
405,Luxray,4,0,0,Gleam Eyes pokemon,Electric,,1.4,42,80,120,79,95,79,70
406,Budew,4,0,0,Bud pokemon,Grass,Poison,0.2,1.2,40,30,35,50,70,55
407,Roserade,4,0,0,Bouquet pokemon,Grass,Poison,0.9,14.5,60,70,65,125,105,90
408,Cranidos,4,0,0,Head Butt pokemon,Rock,,0.9,31.5,67,125,40,30,30,58
409,Rampardos,4,0,0,Head Butt pokemon,Rock,,1.6,102.5,97,165,60,65,50,58
410,Shieldon,4,0,0,Shield pokemon,Rock,Steel,0.5,57,30,42,118,42,88,30
411,Bastiodon,4,0,0,Shield pokemon,Rock,Steel,1.3,149.5,60,52,168,47,138,30
412,Burmy,4,0,0,Bagworm pokemon,Bug,,0.2,3.4,40,29,45,29,45,36
413,Wormadam Plant Cloak,4,0,0,Bagworm pokemon,Bug,Grass,0.5,6.5,60,59,85,79,105,36
413,Wormadam Sandy Cloak,4,0,0,Bagworm pokemon,Bug,Ground,0.5,6.5,60,79,105,59,85,36
413,Wormadam Trash Cloak,4,0,0,Bagworm pokemon,Bug,Steel,0.5,6.5,60,69,95,69,95,36
414,Mothim,4,0,0,Moth pokemon,Bug,Flying,0.9,23.3,70,94,50,94,50,66
415,Combee,4,0,0,Tiny Bee pokemon,Bug,Flying,0.3,5.5,30,30,42,30,42,70
416,Vespiquen,4,0,0,Beehive pokemon,Bug,Flying,1.2,38.5,70,80,102,80,102,40
417,Pachirisu,4,0,0,EleSquirrel pokemon,Electric,,0.4,3.9,60,45,70,45,90,95
418,Buizel,4,0,0,Sea Weasel pokemon,Water,,0.7,29.5,55,65,35,60,30,85
419,Floatzel,4,0,0,Sea Weasel pokemon,Water,,1.1,33.5,85,105,55,85,50,115
420,Cherubi,4,0,0,Cherry pokemon,Grass,,0.4,3.3,45,35,45,62,53,35
421,Cherrim,4,0,0,Blossom pokemon,Grass,,0.5,9.3,70,60,70,87,78,85
422,Shellos,4,0,0,Sea Slug pokemon,Water,,0.3,6.3,76,48,48,57,62,34
423,Gastrodon,4,0,0,Sea Slug pokemon,Water,Ground,0.9,29.9,111,83,68,92,82,39
424,Ambipom,4,0,0,Long Tail pokemon,Normal,,1.2,20.3,75,100,66,60,66,115
425,Drifloon,4,0,0,Balloon pokemon,Ghost,Flying,0.4,1.2,90,50,34,60,44,70
426,Drifblim,4,0,0,Blimp pokemon,Ghost,Flying,1.2,15,150,80,44,90,54,80
427,Buneary,4,0,0,Rabbit pokemon,Normal,,0.4,5.5,55,66,44,44,56,85
428,Lopunny,4,0,0,Rabbit pokemon,Normal,,1.2,33.3,65,76,84,54,96,105
428,Mega Lopunny,4,0,0,Rabbit pokemon,Normal,Fighting,1.3,28.3,65,136,94,54,96,135
429,Mismagius,4,0,0,Magical pokemon,Ghost,,0.9,4.4,60,60,60,105,105,105
430,Honchkrow,4,0,0,Big Boss pokemon,Dark,Flying,0.9,27.3,100,125,52,105,52,71
431,Glameow,4,0,0,Catty pokemon,Normal,,0.5,3.9,49,55,42,42,37,85
432,Purugly,4,0,0,Tiger Cat pokemon,Normal,,1,43.8,71,82,64,64,59,112
433,Chingling,4,0,0,Bell pokemon,Psychic,,0.2,0.6,45,30,50,65,50,45
434,Stunky,4,0,0,Skunk pokemon,Poison,Dark,0.4,19.2,63,63,47,41,41,74
435,Skuntank,4,0,0,Skunk pokemon,Poison,Dark,1,38,103,93,67,71,61,84
436,Bronzor,4,0,0,Bronze pokemon,Steel,Psychic,0.5,60.5,57,24,86,24,86,23
437,Bronzong,4,0,0,Bronze Bell pokemon,Steel,Psychic,1.3,187,67,89,116,79,116,33
438,Bonsly,4,0,0,Bonsai pokemon,Rock,,0.5,15,50,80,95,10,45,10
439,Mime Jr.,4,0,0,Mime pokemon,Psychic,Fairy,0.6,13,20,25,45,70,90,60
440,Happiny,4,0,0,Playhouse pokemon,Normal,,0.6,24.4,100,5,5,15,65,30
441,Chatot,4,0,0,Music Note pokemon,Normal,Flying,0.5,1.9,76,65,45,92,42,91
442,Spiritomb,4,0,0,Forbidden pokemon,Ghost,Dark,1,108,50,92,108,92,108,35
443,Gible,4,0,0,Land Shark pokemon,Dragon,Ground,0.7,20.5,58,70,45,40,45,42
444,Gabite,4,0,0,Cave pokemon,Dragon,Ground,1.4,56,68,90,65,50,55,82
445,Garchomp,4,0,0,Mach pokemon,Dragon,Ground,1.9,95,108,130,95,80,85,102
445,Mega Garchomp,4,0,0,Mach pokemon,Dragon,Ground,1.9,95,108,170,115,120,95,92
446,Munchlax,4,0,0,Big Eater pokemon,Normal,,0.6,105,135,85,40,40,85,5
447,Riolu,4,0,0,Emanation pokemon,Fighting,,0.7,20.2,40,70,40,35,40,60
448,Lucario,4,0,0,Aura pokemon,Fighting,Steel,1.2,54,70,110,70,115,70,90
448,Mega Lucario,4,0,0,Aura pokemon,Fighting,Steel,1.3,57.5,70,145,88,140,70,112
449,Hippopotas,4,0,0,Hippo pokemon,Ground,,0.8,49.5,68,72,78,38,42,32
450,Hippowdon,4,0,0,Heavyweight pokemon,Ground,,2,300,108,112,118,68,72,47
451,Skorupi,4,0,0,Scorpion pokemon,Poison,Bug,0.8,12,40,50,90,30,55,65
452,Drapion,4,0,0,Ogre Scorp pokemon,Poison,Dark,1.3,61.5,70,90,110,60,75,95
453,Croagunk,4,0,0,Toxic Mouth pokemon,Poison,Fighting,0.7,23,48,61,40,61,40,50
454,Toxicroak,4,0,0,Toxic Mouth pokemon,Poison,Fighting,1.3,44.4,83,106,65,86,65,85
455,Carnivine,4,0,0,Bug Catcher pokemon,Grass,,1.4,27,74,100,72,90,72,46
456,Finneon,4,0,0,Wing Fish pokemon,Water,,0.4,7,49,49,56,49,61,66
457,Lumineon,4,0,0,Neon pokemon,Water,,1.2,24,69,69,76,69,86,91
458,Mantyke,4,0,0,Kite pokemon,Water,Flying,1,65,45,20,50,60,120,50
459,Snover,4,0,0,Frost Tree pokemon,Grass,Ice,1,50.5,60,62,50,62,60,40
460,Abomasnow,4,0,0,Frost Tree pokemon,Grass,Ice,2.2,135.5,90,92,75,92,85,60
460,Mega Abomasnow,4,0,0,Frost Tree pokemon,Grass,Ice,2.7,185,90,132,105,132,105,30
461,Weavile,4,0,0,Sharp Claw pokemon,Dark,Ice,1.1,34,70,120,65,45,85,125
462,Magnezone,4,0,0,Magnet Area pokemon,Electric,Steel,1.2,180,70,70,115,130,90,60
463,Lickilicky,4,0,0,Licking pokemon,Normal,,1.7,140,110,85,95,80,95,50
464,Rhyperior,4,0,0,Drill pokemon,Ground,Rock,2.4,282.8,115,140,130,55,55,40
465,Tangrowth,4,0,0,Vine pokemon,Grass,,2,128.6,100,100,125,110,50,50
466,Electivire,4,0,0,Thunderbolt pokemon,Electric,,1.8,138.6,75,123,67,95,85,95
467,Magmortar,4,0,0,Blast pokemon,Fire,,1.6,68,75,95,67,125,95,83
468,Togekiss,4,0,0,Jubilee pokemon,Fairy,Flying,1.5,38,85,50,95,120,115,80
469,Yanmega,4,0,0,Ogre Darner pokemon,Bug,Flying,1.9,51.5,86,76,86,116,56,95
470,Leafeon,4,0,0,Verdant pokemon,Grass,,1,25.5,65,110,130,60,65,95
471,Glaceon,4,0,0,Fresh Snow pokemon,Ice,,0.8,25.9,65,60,110,130,95,65
472,Gliscor,4,0,0,Fang Scorp pokemon,Ground,Flying,2,42.5,75,95,125,45,75,95
473,Mamoswine,4,0,0,Twin Tusk pokemon,Ice,Ground,2.5,291,110,130,80,70,60,80
474,Porygon-Z,4,0,0,Virtual pokemon,Normal,,0.9,34,85,80,70,135,75,90
475,Gallade,4,0,0,Blade pokemon,Psychic,Fighting,1.6,52,68,125,65,65,115,80
475,Mega Gallade,4,0,0,Blade pokemon,Psychic,Fighting,1.6,56.4,68,165,95,65,115,110
476,Probopass,4,0,0,Compass pokemon,Rock,Steel,1.4,340,60,55,145,75,150,40
477,Dusknoir,4,0,0,Gripper pokemon,Ghost,,2.2,106.6,45,100,135,65,135,45
478,Froslass,4,0,0,Snow Land pokemon,Ice,Ghost,1.3,26.6,70,80,70,80,70,110
479,Rotom,4,0,0,Plasma pokemon,Electric,Ghost,0.3,0.3,50,50,77,95,77,91
479,Heat Rotom,4,0,0,Plasma pokemon,Electric,Fire,0.3,0.3,50,65,107,105,107,86
479,Wash Rotom,4,0,0,Plasma pokemon,Electric,Water,0.3,0.3,50,65,107,105,107,86
479,Frost Rotom,4,0,0,Plasma pokemon,Electric,Ice,0.3,0.3,50,65,107,105,107,86
479,Fan Rotom,4,0,0,Plasma pokemon,Electric,Flying,0.3,0.3,50,65,107,105,107,86
479,Mow Rotom,4,0,0,Plasma pokemon,Electric,Grass,0.3,0.3,50,65,107,105,107,86
480,Uxie,4,0,0,Knowledge pokemon,Psychic,,0.3,0.3,75,75,130,75,130,95
481,Mesprit,4,0,0,Emotion pokemon,Psychic,,0.3,0.3,80,105,105,105,105,80
482,Azelf,4,0,0,Willpower pokemon,Psychic,,0.3,0.3,75,125,70,125,70,115
483,Dialga,4,1,0,Temporal pokemon,Steel,Dragon,5.4,683,100,120,120,150,100,90
484,Palkia,4,1,0,Spatial pokemon,Water,Dragon,4.2,336,90,120,100,150,120,100
485,Heatran,4,0,0,Lava Dome pokemon,Fire,Steel,1.7,430,91,90,106,130,106,77
486,Regigigas,4,0,0,Colossal pokemon,Normal,,3.7,420,110,160,110,80,110,100
487,Giratina Altered Forme,4,1,0,Renegade pokemon,Ghost,Dragon,4.5,750,150,100,120,100,120,90
487,Giratina Origin Forme,4,1,0,Renegade pokemon,Ghost,Dragon,6.9,650,150,120,100,120,100,90
488,Cresselia,4,0,0,Lunar pokemon,Psychic,,1.5,85.6,120,70,120,75,130,85
489,Phione,4,0,1,Sea Drifter pokemon,Water,,0.4,3.1,80,80,80,80,80,80
490,Manaphy,4,0,1,Seafaring pokemon,Water,,0.3,1.4,100,100,100,100,100,100
491,Darkrai,4,0,1,Pitch-Black pokemon,Dark,,1.5,50.5,70,90,90,135,90,125
492,Shaymin Land Forme,4,0,1,Gratitude pokemon,Grass,,0.2,2.1,100,100,100,100,100,100
492,Shaymin Sky Forme,4,0,1,Gratitude pokemon,Grass,Flying,0.4,5.2,100,103,75,120,75,127
493,Arceus,4,0,1,Alpha pokemon,Normal,,3.2,320,120,120,120,120,120,120
494,Victini,5,0,1,Victory pokemon,Psychic,Fire,0.4,4,100,100,100,100,100,100
495,Snivy,5,0,0,Grass Snake pokemon,Grass,,0.6,8.1,45,45,55,45,55,63
496,Servine,5,0,0,Grass Snake pokemon,Grass,,0.8,16,60,60,75,60,75,83
497,Serperior,5,0,0,Regal pokemon,Grass,,3.3,63,75,75,95,75,95,113
498,Tepig,5,0,0,Fire Pig pokemon,Fire,,0.5,9.9,65,63,45,45,45,45
499,Pignite,5,0,0,Fire Pig pokemon,Fire,Fighting,1,55.5,90,93,55,70,55,55
500,Emboar,5,0,0,Mega Fire Pig pokemon,Fire,Fighting,1.6,150,110,123,65,100,65,65
501,Oshawott,5,0,0,Sea Otter pokemon,Water,,0.5,5.9,55,55,45,63,45,45
502,Dewott,5,0,0,Discipline pokemon,Water,,0.8,24.5,75,75,60,83,60,60
503,Samurott,5,0,0,Formidable pokemon,Water,,1.5,94.6,95,100,85,108,70,70
504,Patrat,5,0,0,Scout pokemon,Normal,,0.5,11.6,45,55,39,35,39,42
505,Watchog,5,0,0,Lookout pokemon,Normal,,1.1,27,60,85,69,60,69,77
506,Lillipup,5,0,0,Puppy pokemon,Normal,,0.4,4.1,45,60,45,25,45,55
507,Herdier,5,0,0,Loyal Dog pokemon,Normal,,0.9,14.7,65,80,65,35,65,60
508,Stoutland,5,0,0,Big-Hearted pokemon,Normal,,1.2,61,85,110,90,45,90,80
509,Purrloin,5,0,0,Devious pokemon,Dark,,0.4,10.1,41,50,37,50,37,66
510,Liepard,5,0,0,Cruel pokemon,Dark,,1.1,37.5,64,88,50,88,50,106
511,Pansage,5,0,0,Grass Monkey pokemon,Grass,,0.6,10.5,50,53,48,53,48,64
512,Simisage,5,0,0,Thorn Monkey pokemon,Grass,,1.1,30.5,75,98,63,98,63,101
513,Pansear,5,0,0,High Temp pokemon,Fire,,0.6,11,50,53,48,53,48,64
514,Simisear,5,0,0,Ember pokemon,Fire,,1,28,75,98,63,98,63,101
515,Panpour,5,0,0,Spray pokemon,Water,,0.6,13.5,50,53,48,53,48,64
516,Simipour,5,0,0,Geyser pokemon,Water,,1,29,75,98,63,98,63,101
517,Munna,5,0,0,Dream Eater pokemon,Psychic,,0.6,23.3,76,25,45,67,55,24
518,Musharna,5,0,0,Drowsing pokemon,Psychic,,1.1,60.5,116,55,85,107,95,29
519,Pidove,5,0,0,Tiny Pigeon pokemon,Normal,Flying,0.3,2.1,50,55,50,36,30,43
520,Tranquill,5,0,0,Wild Pigeon pokemon,Normal,Flying,0.6,15,62,77,62,50,42,65
521,Unfezant,5,0,0,Proud pokemon,Normal,Flying,1.2,29,80,115,80,65,55,93
522,Blitzle,5,0,0,Electrified pokemon,Electric,,0.8,29.8,45,60,32,50,32,76
523,Zebstrika,5,0,0,Thunderbolt pokemon,Electric,,1.6,79.5,75,100,63,80,63,116
524,Roggenrola,5,0,0,Mantle pokemon,Rock,,0.4,18,55,75,85,25,25,15
525,Boldore,5,0,0,Ore pokemon,Rock,,0.9,102,70,105,105,50,40,20
526,Gigalith,5,0,0,Compressed pokemon,Rock,,1.7,260,85,135,130,60,80,25
527,Woobat,5,0,0,Bat pokemon,Psychic,Flying,0.4,2.1,65,45,43,55,43,72
528,Swoobat,5,0,0,Courting pokemon,Psychic,Flying,0.9,10.5,67,57,55,77,55,114
529,Drilbur,5,0,0,Mole pokemon,Ground,,0.3,8.5,60,85,40,30,45,68
530,Excadrill,5,0,0,Subterrene pokemon,Ground,Steel,0.7,40.4,110,135,60,50,65,88
531,Audino,5,0,0,Hearing pokemon,Normal,,1.1,31,103,60,86,60,86,50
531,Mega Audino,5,0,0,Hearing pokemon,Normal,Fairy,1.5,32,103,60,126,80,126,50
532,Timburr,5,0,0,Muscular pokemon,Fighting,,0.6,12.5,75,80,55,25,35,35
533,Gurdurr,5,0,0,Muscular pokemon,Fighting,,1.2,40,85,105,85,40,50,40
534,Conkeldurr,5,0,0,Muscular pokemon,Fighting,,1.4,87,105,140,95,55,65,45
535,Tympole,5,0,0,Tadpole pokemon,Water,,0.5,4.5,50,50,40,50,40,64
536,Palpitoad,5,0,0,Vibration pokemon,Water,Ground,0.8,17,75,65,55,65,55,69
537,Seismitoad,5,0,0,Vibration pokemon,Water,Ground,1.5,62,105,95,75,85,75,74
538,Throh,5,0,0,Judo pokemon,Fighting,,1.3,55.5,120,100,85,30,85,45
539,Sawk,5,0,0,Karate pokemon,Fighting,,1.4,51,75,125,75,30,75,85
540,Sewaddle,5,0,0,Sewing pokemon,Bug,Grass,0.3,2.5,45,53,70,40,60,42
541,Swadloon,5,0,0,Leaf-Wrapped pokemon,Bug,Grass,0.5,7.3,55,63,90,50,80,42
542,Leavanny,5,0,0,Nurturing pokemon,Bug,Grass,1.2,20.5,75,103,80,70,80,92
543,Venipede,5,0,0,Centipede pokemon,Bug,Poison,0.4,5.3,30,45,59,30,39,57
544,Whirlipede,5,0,0,Curlipede pokemon,Bug,Poison,1.2,58.5,40,55,99,40,79,47
545,Scolipede,5,0,0,Megapede pokemon,Bug,Poison,2.5,200.5,60,100,89,55,69,112
546,Cottonee,5,0,0,Cotton Puff pokemon,Grass,Fairy,0.3,0.6,40,27,60,37,50,66
547,Whimsicott,5,0,0,Windveiled pokemon,Grass,Fairy,0.7,6.6,60,67,85,77,75,116
548,Petilil,5,0,0,Bulb pokemon,Grass,,0.5,6.6,45,35,50,70,50,30
549,Lilligant,5,0,0,Flowering pokemon,Grass,,1.1,16.3,70,60,75,110,75,90
550,Basculin Red-Striped Form,5,0,0,Hostile pokemon,Water,,1,18,70,92,65,80,55,98
550,Basculin Blue-Striped Form,5,0,0,Hostile pokemon,Water,,1,18,70,92,65,80,55,98
551,Sandile,5,0,0,Desert Croc pokemon,Ground,Dark,0.7,15.2,50,72,35,35,35,65
552,Krokorok,5,0,0,Desert Croc pokemon,Ground,Dark,1,33.4,60,82,45,45,45,74
553,Krookodile,5,0,0,Intimidation pokemon,Ground,Dark,1.5,96.3,95,117,80,65,70,92
554,Darumaka,5,0,0,Zen Charm pokemon,Fire,,0.6,37.5,70,90,45,15,45,50
554,Galarian Darumaka,5,0,0,Zen Charm pokemon,Ice,,0.7,40,70,90,45,15,45,50
555,Darmanitan Standard Mode,5,0,0,Blazing pokemon,Fire,,1.3,92.9,105,140,55,30,55,95
555,Darmanitan Zen Mode,5,0,0,Blazing pokemon,Fire,Psychic,1.3,92.9,105,30,105,140,105,55
555,Darmanitan Galarian Standard Mode,5,0,0,Zen Charm pokemon,Ice,,1.7,120,105,140,55,30,55,95
555,Darmanitan Galarian Zen Mode,5,0,0,Zen Charm pokemon,Ice,Fire,1.7,120,105,160,55,30,55,135
556,Maractus,5,0,0,Cactus pokemon,Grass,,1,28,75,86,67,106,67,60
557,Dwebble,5,0,0,Rock Inn pokemon,Bug,Rock,0.3,14.5,50,65,85,35,35,55
558,Crustle,5,0,0,Stone Home pokemon,Bug,Rock,1.4,200,70,105,125,65,75,45
559,Scraggy,5,0,0,Shedding pokemon,Dark,Fighting,0.6,11.8,50,75,70,35,70,48
560,Scrafty,5,0,0,Hoodlum pokemon,Dark,Fighting,1.1,30,65,90,115,45,115,58
561,Sigilyph,5,0,0,Avianoid pokemon,Psychic,Flying,1.4,14,72,58,80,103,80,97
562,Yamask,5,0,0,Spirit pokemon,Ghost,,0.5,1.5,38,30,85,55,65,30
562,Galarian Yamask,5,0,0,Spirit pokemon,Ground,Ghost,0.5,1.5,38,55,85,30,65,30
563,Cofagrigus,5,0,0,Coffin pokemon,Ghost,,1.7,76.5,58,50,145,95,105,30
564,Tirtouga,5,0,0,Prototurtle pokemon,Water,Rock,0.7,16.5,54,78,103,53,45,22
565,Carracosta,5,0,0,Prototurtle pokemon,Water,Rock,1.2,81,74,108,133,83,65,32
566,Archen,5,0,0,First Bird pokemon,Rock,Flying,0.5,9.5,55,112,45,74,45,70
567,Archeops,5,0,0,First Bird pokemon,Rock,Flying,1.4,32,75,140,65,112,65,110
568,Trubbish,5,0,0,Trash Bag pokemon,Poison,,0.6,31,50,50,62,40,62,65
569,Garbodor,5,0,0,Trash Heap pokemon,Poison,,1.9,107.3,80,95,82,60,82,75
570,Zorua,5,0,0,Tricky Fox pokemon,Dark,,0.7,12.5,40,65,40,80,40,65
571,Zoroark,5,0,0,Illusion Fox pokemon,Dark,,1.6,81.1,60,105,60,120,60,105
572,Minccino,5,0,0,Chinchilla pokemon,Normal,,0.4,5.8,55,50,40,40,40,75
573,Cinccino,5,0,0,Scarf pokemon,Normal,,0.5,7.5,75,95,60,65,60,115
574,Gothita,5,0,0,Fixation pokemon,Psychic,,0.4,5.8,45,30,50,55,65,45
575,Gothorita,5,0,0,Manipulate pokemon,Psychic,,0.7,18,60,45,70,75,85,55
576,Gothitelle,5,0,0,Astral Body pokemon,Psychic,,1.5,44,70,55,95,95,110,65
577,Solosis,5,0,0,Cell pokemon,Psychic,,0.3,1,45,30,40,105,50,20
578,Duosion,5,0,0,Mitosis pokemon,Psychic,,0.6,8,65,40,50,125,60,30
579,Reuniclus,5,0,0,Multiplying pokemon,Psychic,,1,20.1,110,65,75,125,85,30
580,Ducklett,5,0,0,Water Bird pokemon,Water,Flying,0.5,5.5,62,44,50,44,50,55
581,Swanna,5,0,0,White Bird pokemon,Water,Flying,1.3,24.2,75,87,63,87,63,98
582,Vanillite,5,0,0,Fresh Snow pokemon,Ice,,0.4,5.7,36,50,50,65,60,44
583,Vanillish,5,0,0,Icy Snow pokemon,Ice,,1.1,41,51,65,65,80,75,59
584,Vanilluxe,5,0,0,Snowstorm pokemon,Ice,,1.3,57.5,71,95,85,110,95,79
585,Deerling,5,0,0,Season pokemon,Normal,Grass,0.6,19.5,60,60,50,40,50,75
586,Sawsbuck,5,0,0,Season pokemon,Normal,Grass,1.9,92.5,80,100,70,60,70,95
587,Emolga,5,0,0,Sky Squirrel pokemon,Electric,Flying,0.4,5,55,75,60,75,60,103
588,Karrablast,5,0,0,Clamping pokemon,Bug,,0.5,5.9,50,75,45,40,45,60
589,Escavalier,5,0,0,Cavalry pokemon,Bug,Steel,1,33,70,135,105,60,105,20
590,Foongus,5,0,0,Mushroom pokemon,Grass,Poison,0.2,1,69,55,45,55,55,15
591,Amoonguss,5,0,0,Mushroom pokemon,Grass,Poison,0.6,10.5,114,85,70,85,80,30
592,Frillish,5,0,0,Floating pokemon,Water,Ghost,1.2,33,55,40,50,65,85,40
593,Jellicent,5,0,0,Floating pokemon,Water,Ghost,2.2,135,100,60,70,85,105,60
594,Alomomola,5,0,0,Caring pokemon,Water,,1.2,31.6,165,75,80,40,45,65
595,Joltik,5,0,0,Attaching pokemon,Bug,Electric,0.1,0.6,50,47,50,57,50,65
596,Galvantula,5,0,0,EleSpider pokemon,Bug,Electric,0.8,14.3,70,77,60,97,60,108
597,Ferroseed,5,0,0,Thorn Seed pokemon,Grass,Steel,0.6,18.8,44,50,91,24,86,10
598,Ferrothorn,5,0,0,Thorn Pod pokemon,Grass,Steel,1,110,74,94,131,54,116,20
599,Klink,5,0,0,Gear pokemon,Steel,,0.3,21,40,55,70,45,60,30
600,Klang,5,0,0,Gear pokemon,Steel,,0.6,51,60,80,95,70,85,50
601,Klinklang,5,0,0,Gear pokemon,Steel,,0.6,81,60,100,115,70,85,90
602,Tynamo,5,0,0,EleFish pokemon,Electric,,0.2,0.3,35,55,40,45,40,60
603,Eelektrik,5,0,0,EleFish pokemon,Electric,,1.2,22,65,85,70,75,70,40
604,Eelektross,5,0,0,EleFish pokemon,Electric,,2.1,80.5,85,115,80,105,80,50
605,Elgyem,5,0,0,Cerebral pokemon,Psychic,,0.5,9,55,55,55,85,55,30
606,Beheeyem,5,0,0,Cerebral pokemon,Psychic,,1,34.5,75,75,75,125,95,40
607,Litwick,5,0,0,Candle pokemon,Ghost,Fire,0.3,3.1,50,30,55,65,55,20
608,Lampent,5,0,0,Lamp pokemon,Ghost,Fire,0.6,13,60,40,60,95,60,55
609,Chandelure,5,0,0,Luring pokemon,Ghost,Fire,1,34.3,60,55,90,145,90,80
610,Axew,5,0,0,Tusk pokemon,Dragon,,0.6,18,46,87,60,30,40,57
611,Fraxure,5,0,0,Axe Jaw pokemon,Dragon,,1,36,66,117,70,40,50,67
612,Haxorus,5,0,0,Axe Jaw pokemon,Dragon,,1.8,105.5,76,147,90,60,70,97
613,Cubchoo,5,0,0,Chill pokemon,Ice,,0.5,8.5,55,70,40,60,40,40
614,Beartic,5,0,0,Freezing pokemon,Ice,,2.6,260,95,130,80,70,80,50
615,Cryogonal,5,0,0,Crystallizing pokemon,Ice,,1.1,148,80,50,50,95,135,105
616,Shelmet,5,0,0,Snail pokemon,Bug,,0.4,7.7,50,40,85,40,65,25
617,Accelgor,5,0,0,Shell Out pokemon,Bug,,0.8,25.3,80,70,40,100,60,145
618,Stunfisk,5,0,0,Trap pokemon,Ground,Electric,0.7,11,109,66,84,81,99,32
618,Galarian Stunfisk,5,0,0,Trap pokemon,Ground,Steel,0.7,20.5,109,81,99,66,84,32
619,Mienfoo,5,0,0,Martial Arts pokemon,Fighting,,0.9,20,45,85,50,55,50,65
620,Mienshao,5,0,0,Martial Arts pokemon,Fighting,,1.4,35.5,65,125,60,95,60,105
621,Druddigon,5,0,0,Cave pokemon,Dragon,,1.6,139,77,120,90,60,90,48
622,Golett,5,0,0,Automaton pokemon,Ground,Ghost,1,92,59,74,50,35,50,35
623,Golurk,5,0,0,Automaton pokemon,Ground,Ghost,2.8,330,89,124,80,55,80,55
624,Pawniard,5,0,0,Sharp Blade pokemon,Dark,Steel,0.5,10.2,45,85,70,40,40,60
625,Bisharp,5,0,0,Sword Blade pokemon,Dark,Steel,1.6,70,65,125,100,60,70,70
626,Bouffalant,5,0,0,Bash Buffalo pokemon,Normal,,1.6,94.6,95,110,95,40,95,55
627,Rufflet,5,0,0,Eaglet pokemon,Normal,Flying,0.5,10.5,70,83,50,37,50,60
628,Braviary,5,0,0,Valiant pokemon,Normal,Flying,1.5,41,100,123,75,57,75,80
629,Vullaby,5,0,0,Diapered pokemon,Dark,Flying,0.5,9,70,55,75,45,65,60
630,Mandibuzz,5,0,0,Bone Vulture pokemon,Dark,Flying,1.2,39.5,110,65,105,55,95,80
631,Heatmor,5,0,0,Anteater pokemon,Fire,,1.4,58,85,97,66,105,66,65
632,Durant,5,0,0,Iron Ant pokemon,Bug,Steel,0.3,33,58,109,112,48,48,109
633,Deino,5,0,0,Irate pokemon,Dark,Dragon,0.8,17.3,52,65,50,45,50,38
634,Zweilous,5,0,0,Hostile pokemon,Dark,Dragon,1.4,50,72,85,70,65,70,58
635,Hydreigon,5,0,0,Brutal pokemon,Dark,Dragon,1.8,160,92,105,90,125,90,98
636,Larvesta,5,0,0,Torch pokemon,Bug,Fire,1.1,28.8,55,85,55,50,55,60
637,Volcarona,5,0,0,Sun pokemon,Bug,Fire,1.6,46,85,60,65,135,105,100
638,Cobalion,5,0,0,Iron Will pokemon,Steel,Fighting,2.1,250,91,90,129,90,72,108
639,Terrakion,5,0,0,Cavern pokemon,Rock,Fighting,1.9,260,91,129,90,72,90,108
640,Virizion,5,0,0,Grassland pokemon,Grass,Fighting,2,200,91,90,72,90,129,108
641,Tornadus Incarnate Forme,5,0,0,Cyclone pokemon,Flying,,1.5,63,79,115,70,125,80,111
641,Tornadus Therian Forme,5,0,0,Cyclone pokemon,Flying,,1.4,63,79,100,80,110,90,121
642,Thundurus Incarnate Forme,5,0,0,Bolt Strike pokemon,Electric,Flying,1.5,61,79,115,70,125,80,111
642,Thundurus Therian Forme,5,0,0,Bolt Strike pokemon,Electric,Flying,3,61,79,105,70,145,80,101
643,Reshiram,5,1,0,Vast White pokemon,Dragon,Fire,3.2,330,100,120,100,150,120,90
644,Zekrom,5,1,0,Deep Black pokemon,Dragon,Electric,2.9,345,100,150,120,120,100,90
645,Landorus Incarnate Forme,5,0,0,Abundance pokemon,Ground,Flying,1.5,68,89,125,90,115,80,101
645,Landorus Therian Forme,5,0,0,Abundance pokemon,Ground,Flying,1.3,68,89,145,90,105,80,91
646,Kyurem,5,1,0,Boundary pokemon,Dragon,Ice,3,325,125,130,90,130,90,95
646,Black Kyurem,5,1,0,Boundary pokemon,Dragon,Ice,3.3,325,125,170,100,120,90,95
646,White Kyurem,5,1,0,Boundary pokemon,Dragon,Ice,3.6,325,125,120,90,170,100,95
647,Keldeo Ordinary Forme,5,0,1,Colt pokemon,Water,Fighting,1.4,48.5,91,72,90,129,90,108
647,Keldeo Resolute Forme,5,0,1,Colt pokemon,Water,Fighting,1.4,48.5,91,72,90,129,90,108
648,Meloetta Aria Forme,5,0,1,Melody pokemon,Normal,Psychic,0.6,6.5,100,77,77,128,128,90
648,Meloetta Pirouette Forme,5,0,1,Melody pokemon,Normal,Fighting,0.6,6.5,100,128,90,77,77,128
649,Genesect,5,0,1,Paleozoic pokemon,Bug,Steel,1.5,82.5,71,120,95,120,95,99
650,Chespin,6,0,0,Spiny Nut pokemon,Grass,,0.4,9,56,61,65,48,45,38
651,Quilladin,6,0,0,Spiny Armor pokemon,Grass,,0.7,29,61,78,95,56,58,57
652,Chesnaught,6,0,0,Spiny Armor pokemon,Grass,Fighting,1.6,90,88,107,122,74,75,64
653,Fennekin,6,0,0,Fox pokemon,Fire,,0.4,9.4,40,45,40,62,60,60
654,Braixen,6,0,0,Fox pokemon,Fire,,1,14.5,59,59,58,90,70,73
655,Delphox,6,0,0,Fox pokemon,Fire,Psychic,1.5,39,75,69,72,114,100,104
656,Froakie,6,0,0,Bubble Frog pokemon,Water,,0.3,7,41,56,40,62,44,71
657,Frogadier,6,0,0,Bubble Frog pokemon,Water,,0.6,10.9,54,63,52,83,56,97
658,Greninja,6,0,0,Ninja pokemon,Water,Dark,1.5,40,72,95,67,103,71,122
658,Ash-Greninja,6,0,0,Ninja pokemon,Water,Dark,1.5,40,72,145,67,153,71,132
659,Bunnelby,6,0,0,Digging pokemon,Normal,,0.4,5,38,36,38,32,36,57
660,Diggersby,6,0,0,Digging pokemon,Normal,Ground,1,42.4,85,56,77,50,77,78
661,Fletchling,6,0,0,Tiny Robin pokemon,Normal,Flying,0.3,1.7,45,50,43,40,38,62
662,Fletchinder,6,0,0,Ember pokemon,Fire,Flying,0.7,16,62,73,55,56,52,84
663,Talonflame,6,0,0,Scorching pokemon,Fire,Flying,1.2,24.5,78,81,71,74,69,126
664,Scatterbug,6,0,0,Scatterdust pokemon,Bug,,0.3,2.5,38,35,40,27,25,35
665,Spewpa,6,0,0,Scatterdust pokemon,Bug,,0.3,8.4,45,22,60,27,30,29
666,Vivillon,6,0,0,Scale pokemon,Bug,Flying,1.2,17,80,52,50,90,50,89
667,Litleo,6,0,0,Lion Cub pokemon,Fire,Normal,0.6,13.5,62,50,58,73,54,72
668,Pyroar,6,0,0,Royal pokemon,Fire,Normal,1.5,81.5,86,68,72,109,66,106
669,Flabébé,6,0,0,Single Bloom pokemon,Fairy,,0.1,0.1,44,38,39,61,79,42
670,Floette,6,0,0,Single Bloom pokemon,Fairy,,0.2,0.9,54,45,47,75,98,52
671,Florges,6,0,0,Garden pokemon,Fairy,,1.1,10,78,65,68,112,154,75
672,Skiddo,6,0,0,Mount pokemon,Grass,,0.9,31,66,65,48,62,57,52
673,Gogoat,6,0,0,Mount pokemon,Grass,,1.7,91,123,100,62,97,81,68
674,Pancham,6,0,0,Playful pokemon,Fighting,,0.6,8,67,82,62,46,48,43
675,Pangoro,6,0,0,Daunting pokemon,Fighting,Dark,2.1,136,95,124,78,69,71,58
676,Furfrou,6,0,0,Poodle pokemon,Normal,,1.2,28,75,80,60,65,90,102
677,Espurr,6,0,0,Restraint pokemon,Psychic,,0.3,3.5,62,48,54,63,60,68
678,Meowstic Male,6,0,0,Constraint pokemon,Psychic,,0.6,8.5,74,48,76,83,81,104
678,Meowstic Female,6,0,0,Constraint pokemon,Psychic,,0.6,8.5,74,48,76,83,81,104
679,Honedge,6,0,0,Sword pokemon,Steel,Ghost,0.8,2,45,80,100,35,37,28
680,Doublade,6,0,0,Sword pokemon,Steel,Ghost,0.8,4.5,59,110,150,45,49,35
681,Aegislash Blade Forme,6,0,0,Royal Sword pokemon,Steel,Ghost,1.7,53,60,150,50,150,50,60
681,Aegislash Shield Forme,6,0,0,Royal Sword pokemon,Steel,Ghost,1.7,53,60,50,150,50,150,60
682,Spritzee,6,0,0,Perfume pokemon,Fairy,,0.2,0.5,78,52,60,63,65,23
683,Aromatisse,6,0,0,Fragrance pokemon,Fairy,,0.8,15.5,101,72,72,99,89,29
684,Swirlix,6,0,0,Cotton Candy pokemon,Fairy,,0.4,3.5,62,48,66,59,57,49
685,Slurpuff,6,0,0,Meringue pokemon,Fairy,,0.8,5,82,80,86,85,75,72
686,Inkay,6,0,0,Revolving pokemon,Dark,Psychic,0.4,3.5,53,54,53,37,46,45
687,Malamar,6,0,0,Overturning pokemon,Dark,Psychic,1.5,47,86,92,88,68,75,73
688,Binacle,6,0,0,Two-Handed pokemon,Rock,Water,0.5,31,42,52,67,39,56,50
689,Barbaracle,6,0,0,Collective pokemon,Rock,Water,1.3,96,72,105,115,54,86,68
690,Skrelp,6,0,0,Mock Kelp pokemon,Poison,Water,0.5,7.3,50,60,60,60,60,30
691,Dragalge,6,0,0,Mock Kelp pokemon,Poison,Dragon,1.8,81.5,65,75,90,97,123,44
692,Clauncher,6,0,0,Water Gun pokemon,Water,,0.5,8.3,50,53,62,58,63,44
693,Clawitzer,6,0,0,Howitzer pokemon,Water,,1.3,35.3,71,73,88,120,89,59
694,Helioptile,6,0,0,Generator pokemon,Electric,Normal,0.5,6,44,38,33,61,43,70
695,Heliolisk,6,0,0,Generator pokemon,Electric,Normal,1,21,62,55,52,109,94,109
696,Tyrunt,6,0,0,Royal Heir pokemon,Rock,Dragon,0.8,26,58,89,77,45,45,48
697,Tyrantrum,6,0,0,Despot pokemon,Rock,Dragon,2.5,270,82,121,119,69,59,71
698,Amaura,6,0,0,Tundra pokemon,Rock,Ice,1.3,25.2,77,59,50,67,63,46
699,Aurorus,6,0,0,Tundra pokemon,Rock,Ice,2.7,225,123,77,72,99,92,58
700,Sylveon,6,0,0,Intertwining pokemon,Fairy,,1,23.5,95,65,65,110,130,60
701,Hawlucha,6,0,0,Wrestling pokemon,Fighting,Flying,0.8,21.5,78,92,75,74,63,118
702,Dedenne,6,0,0,Antenna pokemon,Electric,Fairy,0.2,2.2,67,58,57,81,67,101
703,Carbink,6,0,0,Jewel pokemon,Rock,Fairy,0.3,5.7,50,50,150,50,150,50
704,Goomy,6,0,0,Soft Tissue pokemon,Dragon,,0.3,2.8,45,50,35,55,75,40
705,Sliggoo,6,0,0,Soft Tissue pokemon,Dragon,,0.8,17.5,68,75,53,83,113,60
706,Goodra,6,0,0,Dragon pokemon,Dragon,,2,150.5,90,100,70,110,150,80
707,Klefki,6,0,0,Key Ring pokemon,Steel,Fairy,0.2,3,57,80,91,80,87,75
708,Phantump,6,0,0,Stump pokemon,Ghost,Grass,0.4,7,43,70,48,50,60,38
709,Trevenant,6,0,0,Elder Tree pokemon,Ghost,Grass,1.5,71,85,110,76,65,82,56
710,Pumpkaboo Average Size,6,0,0,Pumpkin pokemon,Ghost,Grass,0.4,5,49,66,70,44,55,51
710,Pumpkaboo Small Size,6,0,0,Pumpkin pokemon,Ghost,Grass,0.3,3.5,44,66,70,44,55,56
710,Pumpkaboo Large Size,6,0,0,Pumpkin pokemon,Ghost,Grass,0.5,7.5,54,66,70,44,55,46
710,Pumpkaboo Super Size,6,0,0,Pumpkin pokemon,Ghost,Grass,0.8,15,59,66,70,44,55,41
711,Gourgeist Average Size,6,0,0,Pumpkin pokemon,Ghost,Grass,0.9,12.5,65,90,122,58,75,84
711,Gourgeist Small Size,6,0,0,Pumpkin pokemon,Ghost,Grass,0.7,9.5,55,85,122,58,75,99
711,Gourgeist Large Size,6,0,0,Pumpkin pokemon,Ghost,Grass,1.1,14,75,95,122,58,75,69
711,Gourgeist Super Size,6,0,0,Pumpkin pokemon,Ghost,Grass,1.7,39,85,100,122,58,75,54
712,Bergmite,6,0,0,Ice Chunk pokemon,Ice,,1,99.5,55,69,85,32,35,28
713,Avalugg,6,0,0,Iceberg pokemon,Ice,,2,505,95,117,184,44,46,28
714,Noibat,6,0,0,Sound Wave pokemon,Flying,Dragon,0.5,8,40,30,35,45,40,55
715,Noivern,6,0,0,Sound Wave pokemon,Flying,Dragon,1.5,85,85,70,80,97,80,123
716,Xerneas,6,1,0,Life pokemon,Fairy,,3,215,126,131,95,131,98,99
717,Yveltal,6,1,0,Destruction pokemon,Dark,Flying,5.8,203,126,131,95,131,98,99
718,Zygarde 50% Forme,6,1,0,Order pokemon,Dragon,Ground,5,305,108,100,121,81,95,95
718,Zygarde 10% Forme,6,1,0,Order pokemon,Dragon,Ground,1.2,33.5,54,100,71,61,85,115
718,Zygarde Complete Forme,6,1,0,Order pokemon,Dragon,Ground,4.5,610,216,100,121,91,95,85
719,Diancie,6,0,1,Jewel pokemon,Rock,Fairy,0.7,8.8,50,100,150,100,150,50
719,Mega Diancie,6,0,1,Jewel pokemon,Rock,Fairy,1.1,27.8,50,160,110,160,110,110
720,Hoopa Hoopa Confined,6,0,1,Mischief pokemon,Psychic,Ghost,0.5,9,80,110,60,150,130,70
720,Hoopa Hoopa Unbound,6,0,1,Djinn pokemon,Psychic,Dark,6.5,490,80,160,60,170,130,80
721,Volcanion,6,0,1,Steam pokemon,Fire,Water,1.7,195,80,110,120,130,90,70
722,Rowlet,7,0,0,Grass Quill pokemon,Grass,Flying,0.3,1.5,68,55,55,50,50,42
723,Dartrix,7,0,0,Blade Quill pokemon,Grass,Flying,0.7,16,78,75,75,70,70,52
724,Decidueye,7,0,0,Arrow Quill pokemon,Grass,Ghost,1.6,36.6,78,107,75,100,100,70
725,Litten,7,0,0,Fire Cat pokemon,Fire,,0.4,4.3,45,65,40,60,40,70
726,Torracat,7,0,0,Fire Cat pokemon,Fire,,0.7,25,65,85,50,80,50,90
727,Incineroar,7,0,0,Heel pokemon,Fire,Dark,1.8,83,95,115,90,80,90,60
728,Popplio,7,0,0,Sea Lion pokemon,Water,,0.4,7.5,50,54,54,66,56,40
729,Brionne,7,0,0,Pop Star pokemon,Water,,0.6,17.5,60,69,69,91,81,50
730,Primarina,7,0,0,Soloist pokemon,Water,Fairy,1.8,44,80,74,74,126,116,60
731,Pikipek,7,0,0,Woodpecker pokemon,Normal,Flying,0.3,1.2,35,75,30,30,30,65
732,Trumbeak,7,0,0,Bugle Beak pokemon,Normal,Flying,0.6,14.8,55,85,50,40,50,75
733,Toucannon,7,0,0,Cannon pokemon,Normal,Flying,1.1,26,80,120,75,75,75,60
734,Yungoos,7,0,0,Loitering pokemon,Normal,,0.4,6,48,70,30,30,30,45
735,Gumshoos,7,0,0,Stakeout pokemon,Normal,,0.7,14.2,88,110,60,55,60,45
736,Grubbin,7,0,0,Larva pokemon,Bug,,0.4,4.4,47,62,45,55,45,46
737,Charjabug,7,0,0,Battery pokemon,Bug,Electric,0.5,10.5,57,82,95,55,75,36
738,Vikavolt,7,0,0,Stag Beetle pokemon,Bug,Electric,1.5,45,77,70,90,145,75,43
739,Crabrawler,7,0,0,Boxing pokemon,Fighting,,0.6,7,47,82,57,42,47,63
740,Crabominable,7,0,0,Woolly Crab pokemon,Fighting,Ice,1.7,180,97,132,77,62,67,43
741,Oricorio Baile Style,7,0,0,Dancing pokemon,Fire,Flying,0.6,3.4,75,70,70,98,70,93
741,Oricorio Pom-Pom Style,7,0,0,Dancing pokemon,Electric,Flying,0.6,3.4,75,70,70,98,70,93
741,Oricorio Pa'u Style,7,0,0,Dancing pokemon,Psychic,Flying,0.6,3.4,75,70,70,98,70,93
741,Oricorio Sensu Style,7,0,0,Dancing pokemon,Ghost,Flying,0.6,3.4,75,70,70,98,70,93
742,Cutiefly,7,0,0,Bee Fly pokemon,Bug,Fairy,0.1,0.2,40,45,40,55,40,84
743,Ribombee,7,0,0,Bee Fly pokemon,Bug,Fairy,0.2,0.5,60,55,60,95,70,124
744,Rockruff,7,0,0,Puppy pokemon,Rock,,0.5,9.2,45,65,40,30,40,60
744,Own Tempo Rockruff,7,0,0,Puppy pokemon,Rock,,0.5,9.2,45,65,40,30,40,60
745,Lycanroc Midday Form,7,0,0,Wolf pokemon,Rock,,0.8,25,75,115,65,55,65,112
745,Lycanroc Midnight Form,7,0,0,Wolf pokemon,Rock,,1.1,25,85,115,75,55,75,82
745,Lycanroc Dusk Form,7,0,0,Wolf pokemon,Rock,,0.8,25,75,117,65,55,65,110
746,Wishiwashi Solo Form,7,0,0,Small Fry pokemon,Water,,0.2,0.3,45,20,20,25,25,40
746,Wishiwashi School Form,7,0,0,Small Fry pokemon,Water,,8.2,78.6,45,140,130,140,135,30
747,Mareanie,7,0,0,Brutal Star pokemon,Poison,Water,0.4,8,50,53,62,43,52,45
748,Toxapex,7,0,0,Brutal Star pokemon,Poison,Water,0.7,14.5,50,63,152,53,142,35
749,Mudbray,7,0,0,Donkey pokemon,Ground,,1,110,70,100,70,45,55,45
750,Mudsdale,7,0,0,Draft Horse pokemon,Ground,,2.5,920,100,125,100,55,85,35
751,Dewpider,7,0,0,Water Bubble pokemon,Water,Bug,0.3,4,38,40,52,40,72,27
752,Araquanid,7,0,0,Water Bubble pokemon,Water,Bug,1.8,82,68,70,92,50,132,42
753,Fomantis,7,0,0,Sickle Grass pokemon,Grass,,0.3,1.5,40,55,35,50,35,35
754,Lurantis,7,0,0,Bloom Sickle pokemon,Grass,,0.9,18.5,70,105,90,80,90,45
755,Morelull,7,0,0,Illuminating pokemon,Grass,Fairy,0.2,1.5,40,35,55,65,75,15
756,Shiinotic,7,0,0,Illuminating pokemon,Grass,Fairy,1,11.5,60,45,80,90,100,30
757,Salandit,7,0,0,Toxic Lizard pokemon,Poison,Fire,0.6,4.8,48,44,40,71,40,77
758,Salazzle,7,0,0,Toxic Lizard pokemon,Poison,Fire,1.2,22.2,68,64,60,111,60,117
759,Stufful,7,0,0,Flailing pokemon,Normal,Fighting,0.5,6.8,70,75,50,45,50,50
760,Bewear,7,0,0,Strong Arm pokemon,Normal,Fighting,2.1,135,120,125,80,55,60,60
761,Bounsweet,7,0,0,Fruit pokemon,Grass,,0.3,3.2,42,30,38,30,38,32
762,Steenee,7,0,0,Fruit pokemon,Grass,,0.7,8.2,52,40,48,40,48,62
763,Tsareena,7,0,0,Fruit pokemon,Grass,,1.2,21.4,72,120,98,50,98,72
764,Comfey,7,0,0,Posy Picker pokemon,Fairy,,0.1,0.3,51,52,90,82,110,100
765,Oranguru,7,0,0,Sage pokemon,Normal,Psychic,1.5,76,90,60,80,90,110,60
766,Passimian,7,0,0,Teamwork pokemon,Fighting,,2,82.8,100,120,90,40,60,80
767,Wimpod,7,0,0,Turn Tail pokemon,Bug,Water,0.5,12,25,35,40,20,30,80
768,Golisopod,7,0,0,Hard Scale pokemon,Bug,Water,2,108,75,125,140,60,90,40
769,Sandygast,7,0,0,Sand Heap pokemon,Ghost,Ground,0.5,70,55,55,80,70,45,15
770,Palossand,7,0,0,Sand Castle pokemon,Ghost,Ground,1.3,250,85,75,110,100,75,35
771,Pyukumuku,7,0,0,Sea Cucumber pokemon,Water,,0.3,1.2,55,60,130,30,130,5
772,Type: Null,7,0,0,Synthetic pokemon,Normal,,1.9,120.5,95,95,95,95,95,59
773,Silvally,7,0,0,Synthetic pokemon,Normal,,2.3,100.5,95,95,95,95,95,95
774,Minior Meteor Form,7,0,0,Meteor pokemon,Rock,Flying,0.3,40,60,60,100,60,100,60
774,Minior Core Form,7,0,0,Meteor pokemon,Rock,Flying,0.3,0.3,60,100,60,100,60,120
775,Komala,7,0,0,Drowsing pokemon,Normal,,0.4,19.9,65,115,65,75,95,65
776,Turtonator,7,0,0,Blast Turtle pokemon,Fire,Dragon,2,212,60,78,135,91,85,36
777,Togedemaru,7,0,0,Roly-Poly pokemon,Electric,Steel,0.3,3.3,65,98,63,40,73,96
778,Mimikyu,7,0,0,Disguise pokemon,Ghost,Fairy,0.2,0.7,55,90,80,50,105,96
779,Bruxish,7,0,0,Gnash Teeth pokemon,Water,Psychic,0.9,19,68,105,70,70,70,92
780,Drampa,7,0,0,Placid pokemon,Normal,Dragon,3,185,78,60,85,135,91,36
781,Dhelmise,7,0,0,Sea Creeper pokemon,Ghost,Grass,3.9,210,70,131,100,86,90,40
782,Jangmo-o,7,0,0,Scaly pokemon,Dragon,,0.6,29.7,45,55,65,45,45,45
783,Hakamo-o,7,0,0,Scaly pokemon,Dragon,Fighting,1.2,47,55,75,90,65,70,65
784,Kommo-o,7,0,0,Scaly pokemon,Dragon,Fighting,1.6,78.2,75,110,125,100,105,85
785,Tapu Koko,7,0,0,Land Spirit pokemon,Electric,Fairy,1.8,20.5,70,115,85,95,75,130
786,Tapu Lele,7,0,0,Land Spirit pokemon,Psychic,Fairy,1.2,18.6,70,85,75,130,115,95
787,Tapu Bulu,7,0,0,Land Spirit pokemon,Grass,Fairy,1.9,45.5,70,130,115,85,95,75
788,Tapu Fini,7,0,0,Land Spirit pokemon,Water,Fairy,1.3,21.2,70,75,115,95,130,85
789,Cosmog,7,1,0,Nebula pokemon,Psychic,,0.2,0.1,43,29,31,29,31,37
790,Cosmoem,7,1,0,Protostar pokemon,Psychic,,0.1,999.9,43,29,131,29,131,37
791,Solgaleo,7,1,0,Sunne pokemon,Psychic,Steel,3.4,230,137,137,107,113,89,97
792,Lunala,7,1,0,Moone pokemon,Psychic,Ghost,4,120,137,113,89,137,107,97
793,Nihilego,7,0,0,Parasite pokemon,Rock,Poison,1.2,55.5,109,53,47,127,131,103
794,Buzzwole,7,0,0,Swollen pokemon,Bug,Fighting,2.4,333.6,107,139,139,53,53,79
795,Pheromosa,7,0,0,Lissome pokemon,Bug,Fighting,1.8,25,71,137,37,137,37,151
796,Xurkitree,7,0,0,Glowing pokemon,Electric,,3.8,100,83,89,71,173,71,83
797,Celesteela,7,0,0,Launch pokemon,Steel,Flying,9.2,999.9,97,101,103,107,101,61
798,Kartana,7,0,0,Drawn Sword pokemon,Grass,Steel,0.3,0.1,59,181,131,59,31,109
799,Guzzlord,7,0,0,Junkivore pokemon,Dark,Dragon,5.5,888,223,101,53,97,53,43
800,Necrozma,7,1,0,Prism pokemon,Psychic,,2.4,230,97,107,101,127,89,79
800,Dusk Mane Necrozma,7,1,0,Prism pokemon,Psychic,Steel,3.8,460,97,157,127,113,109,77
800,Dawn Wings Necrozma,7,1,0,Prism pokemon,Psychic,Ghost,4.2,350,97,113,109,157,127,77
800,Ultra Necrozma,7,1,0,Prism pokemon,Psychic,Dragon,7.5,230,97,167,97,167,97,129
801,Magearna,7,0,1,Artificial pokemon,Steel,Fairy,1,80.5,80,95,115,130,115,65
802,Marshadow,7,0,1,Gloomdweller pokemon,Fighting,Ghost,0.7,22.2,90,125,80,90,90,125
803,Poipole,7,0,0,Poison Pin pokemon,Poison,,0.6,1.8,67,73,67,73,67,73
804,Naganadel,7,0,0,Poison Pin pokemon,Poison,Dragon,3.6,150,73,73,73,127,73,121
805,Stakataka,7,0,0,Rampart pokemon,Rock,Steel,5.5,820,61,131,211,53,101,13
806,Blacephalon,7,0,0,Fireworks pokemon,Fire,Ghost,1.8,13,53,127,53,151,79,107
807,Zeraora,7,0,1,Thunderclap pokemon,Electric,,1.5,44.5,88,112,75,102,80,143
808,Meltan,7,0,1,Hex Nut pokemon,Steel,,0.2,8,46,65,65,55,35,34
809,Melmetal,7,0,1,Hex Nut pokemon,Steel,,2.5,800,135,143,143,80,65,34
810,Grookey,8,0,0,Chimp pokemon,Grass,,0.3,5,50,65,50,40,40,65
811,Thwackey,8,0,0,Beat pokemon,Grass,,0.7,14,70,85,70,55,60,80
812,Rillaboom,8,0,0,Drummer pokemon,Grass,,2.1,90,100,125,90,60,70,85
813,Scorbunny,8,0,0,Rabbit pokemon,Fire,,0.3,4.5,50,71,40,40,40,69
814,Raboot,8,0,0,Rabbit pokemon,Fire,,0.6,9,65,86,60,55,60,94
815,Cinderace,8,0,0,Striker pokemon,Fire,,1.4,33,80,116,75,65,75,119
816,Sobble,8,0,0,Water Lizard pokemon,Water,,0.3,4,50,40,40,70,40,70
817,Drizzile,8,0,0,Water lizard pokemon,Water,,0.7,11.5,65,60,55,95,55,90
818,Inteleon,8,0,0,Secret Agent pokemon,Water,,1.9,45.2,70,85,65,125,65,120
819,Skwovet,8,0,0,Cheeky pokemon,Normal,,0.3,2.5,70,55,55,35,35,25
820,Greedent,8,0,0,Greedy pokemon,Normal,,0.6,6,120,95,95,55,75,20
821,Rookidee,8,0,0,Tiny Bird pokemon,Flying,,0.2,1.8,38,47,35,33,35,57
822,Corvisquire,8,0,0,Raven pokemon,Flying,,0.8,16,68,67,55,43,55,77
823,Corviknight,8,0,0,Raven pokemon,Flying,Steel,2.2,75,98,87,105,53,85,67
824,Blipbug,8,0,0,Larva pokemon,Bug,,0.4,8,25,20,20,25,45,45
825,Dottler,8,0,0,Radome pokemon,Bug,Psychic,0.4,19.5,50,35,80,50,90,30
826,Orbeetle,8,0,0,Seven Spot pokemon,Bug,Psychic,0.4,40.8,60,45,110,80,120,90
827,Nickit,8,0,0,Fox pokemon,Dark,,0.6,8.9,40,28,28,47,52,50
828,Thievul,8,0,0,Fox pokemon,Dark,,1.2,19.9,70,58,58,87,92,90
829,Gossifleur,8,0,0,Flowering pokemon,Grass,,0.4,2.2,40,40,60,40,60,10
830,Eldegoss,8,0,0,Cotton Bloom pokemon,Grass,,0.5,2.5,60,50,90,80,120,60
831,Wooloo,8,0,0,Sheep pokemon,Normal,,0.6,6,42,40,55,40,45,48
832,Dubwool,8,0,0,Sheep pokemon,Normal,,1.3,43,72,80,100,60,90,88
833,Chewtle,8,0,0,Snapping pokemon,Water,,0.3,8.5,50,64,50,38,38,44
834,Drednaw,8,0,0,Bite pokemon,Water,Rock,1,115.5,90,115,90,48,68,74
835,Yamper,8,0,0,Puppy pokemon,Electric,,0.3,13.5,59,45,50,40,50,26
836,Boltund,8,0,0,Dog pokemon,Electric,,1,34,69,90,60,90,60,121
837,Rolycoly,8,0,0,Coal pokemon,Rock,,0.3,12,30,40,50,40,50,30
838,Carkol,8,0,0,Coal pokemon,Rock,Fire,1.1,78,80,60,90,60,70,50
839,Coalossal,8,0,0,Coal pokemon,Rock,Fire,2.8,310.5,110,80,120,80,90,30
840,Applin,8,0,0,Apple Core pokemon,Grass,Dragon,0.2,0.5,40,40,80,40,40,20
841,Flapple,8,0,0,Apple Wing pokemon,Grass,Dragon,0.3,1,70,110,80,95,60,70
842,Appletun,8,0,0,Apple Nectar pokemon,Grass,Dragon,0.4,13,110,85,80,100,80,30
843,Silicobra,8,0,0,Sand Snake pokemon,Ground,,2.2,7.6,52,57,75,35,50,46
844,Sandaconda,8,0,0,Sand Snake pokemon,Ground,,3.8,65.5,72,107,125,65,70,71
845,Cramorant,8,0,0,Gulp pokemon,Flying,Water,0.8,18,70,85,55,85,95,85
846,Arrokuda,8,0,0,Rush pokemon,Water,,0.5,1,41,63,40,40,30,66
847,Barraskewda,8,0,0,Skewer pokemon,Water,,1.3,30,61,123,60,60,50,136
848,Toxel,8,0,0,Baby pokemon,Electric,Poison,0.4,11,40,38,35,54,35,40
849,Toxtricity Low Key Form,8,0,0,Punk pokemon,Electric,Poison,1.6,40,75,98,70,114,70,75
849,Toxtricity Amped Form,8,0,0,Punk pokemon,Electric,Poison,1.6,40,75,98,70,114,70,75
850,Sizzlipede,8,0,0,Radiator pokemon,Fire,Bug,0.7,1,50,65,45,50,50,45
851,Centiskorch,8,0,0,Radiator pokemon,Fire,Bug,3,120,100,115,65,90,90,65
852,Clobbopus,8,0,0,Tantrum pokemon,Fighting,,0.6,4,50,68,60,50,50,32
853,Grapploct,8,0,0,Tantrum pokemon,Fighting,,1.6,39,80,118,90,70,80,42
854,Sinistea,8,0,0,Black Tea pokemon,Ghost,,0.1,0.2,40,45,45,74,54,50
855,Polteageist,8,0,0,Black Tea pokemon,Ghost,,0.2,0.4,60,65,65,134,114,70
856,Hatenna,8,0,0,Calm pokemon,Psychic,,0.4,3.4,42,30,45,56,53,39
857,Hattrem,8,0,0,Serene pokemon,Psychic,,0.6,4.8,57,40,65,86,73,49
858,Hatterene,8,0,0,Silent pokemon,Psychic,Fairy,2.1,5,57,90,95,136,103,29
859,Impidimp,8,0,0,Wily pokemon,Dark,Fairy,0.4,5.5,45,45,30,55,40,50
860,Morgrem,8,0,0,Devious pokemon,Dark,Fairy,0.8,12.5,65,60,45,75,55,70
861,Grimmsnarl,8,0,0,Bulk Up pokemon,Dark,Fairy,1.5,61,95,120,65,95,75,60
862,Obstagoon,8,0,0,Blocking pokemon,Dark,Normal,1.6,46,93,90,101,60,81,95
863,Perrserker,8,0,0,Viking pokemon,Steel,,0.8,28,70,110,100,50,60,50
864,Cursola,8,0,0,Coral pokemon,Ghost,,1,0.4,60,95,50,145,130,30
865,Sirfetch'd,8,0,0,Wild Duck pokemon,Fighting,,0.8,117,62,135,95,68,82,65
866,Mr. Rime,8,0,0,Comedian pokemon,Psychic,Ice,1.5,58.2,80,85,75,110,100,70
867,Runerigus,8,0,0,Grudge pokemon,Ground,Ghost,1.6,66.6,58,95,145,50,105,30
868,Milcery,8,0,0,Cream pokemon,Fairy,,0.2,0.3,45,40,40,50,61,34
869,Alcremie,8,0,0,Cream pokemon,Fairy,,0.3,0.5,65,60,75,110,121,64
870,Falinks,8,0,0,Formation pokemon,Fighting,,3,62,65,100,100,70,60,75
871,Pincurchin,8,0,0,Sea Urchin pokemon,Electric,,0.3,1,48,101,95,91,85,15
872,Snom,8,0,0,Worm pokemon,Ice,Bug,0.3,3.8,30,25,35,45,30,20
873,Frosmoth,8,0,0,Frost Moth pokemon,Ice,Bug,1.3,42,70,65,60,125,90,65
874,Stonjourner,8,0,0,Big Rock pokemon,Rock,,2.5,520,100,125,135,20,20,70
875,Eiscue Ice Face,8,0,0,Penguin pokemon,Ice,,1.4,89,75,80,110,65,90,50
875,Eiscue Noice Face,8,0,0,Penguin pokemon,Ice,,1.4,89,75,80,70,65,50,130
876,Indeedee Male,8,0,0,Emotion pokemon,Psychic,Normal,0.9,28,60,65,55,105,95,95
876,Indeedee Female,8,0,0,Emotion pokemon,Psychic,Normal,0.9,28,70,55,65,95,105,85
877,Morpeko Full Belly Mode,8,0,0,Two-Sided pokemon,Electric,Dark,0.3,3,58,95,58,70,58,97
877,Morpeko Hangry Mode,8,0,0,Two-Sided pokemon,Electric,Dark,0.3,3,58,95,58,70,58,97
878,Cufant,8,0,0,Copperderm pokemon,Steel,,1.2,100,72,80,49,40,49,40
879,Copperajah,8,0,0,Copperderm pokemon,Steel,,3,650,122,130,69,80,69,30
880,Dracozolt,8,0,0,Fossil pokemon,Electric,Dragon,1.8,190,90,100,90,80,70,75
881,Arctozolt,8,0,0,Fossil pokemon,Electric,Ice,2.3,150,90,100,90,90,80,55
882,Dracovish,8,0,0,Fossil pokemon,Water,Dragon,2.3,215,90,90,100,70,80,75
883,Arctovish,8,0,0,Fossil pokemon,Water,Ice,2,175,90,90,100,80,90,55
884,Duraludon,8,0,0,Alloy pokemon,Steel,Dragon,1.8,40,70,95,115,120,50,85
885,Dreepy,8,0,0,Lingering pokemon,Dragon,Ghost,0.5,2,28,60,30,40,30,82
886,Drakloak,8,0,0,Caretaker pokemon,Dragon,Ghost,1.4,11,68,80,50,60,50,102
887,Dragapult,8,0,0,Stealth pokemon,Dragon,Ghost,3,50,88,120,75,100,75,142
888,Zacian Crowned Sword,8,1,0,Warrior pokemon,Fairy,Steel,2.8,355,92,170,115,80,115,148
888,Zacian Hero of Many Battles,8,1,0,Warrior pokemon,Fairy,,2.8,110,92,130,115,80,115,138
889,Zamazenta Crowned Shield,8,1,0,Warrior pokemon,Fighting,Steel,2.9,785,92,130,145,80,145,128
889,Zamazenta Hero of Many Battles,8,1,0,Warrior pokemon,Fighting,,2.9,210,92,130,115,80,115,138
890,Eternatus,8,1,0,Gigantic pokemon,Poison,Dragon,20,950,140,85,95,145,95,130
890,Eternatus Eternamax,8,1,0,Gigantic pokemon,Poison,Dragon,100,-1,255,115,250,125,250,130
